Timestamp,Ваша основна зайнятість в ІТ зараз...,"Зарплата / дохід в ІТ у $$$ за місяць, лише ставка 
ЧИСТИМИ - після сплати податків",Оберіть вашу основну посаду,Ваш тайтл на цій посаді,Ваша посада - Analyst,Чи використовуєте ви у своїй роботі мови програмування (одну чи декілька)?,"В якій сфері проєкт, в якому ви зараз працюєте?","Основний напрям роботи компанії, в якій працюєте",Кількість спеціалістів у вашій компанії (з України),Загальний стаж роботи за нинішньою ІТ-спеціальністю,Яка у вас освіта?,Знання англійської мови,Ваша стать,Ваш вік (повних років),Де живуть
5/27/2024 9:36,Працюю full-time в ІТ-компанії чи ІТ-відділі,1200.0,"Analyst (Business, Data, System etc)",Junior,Business Analyst,"Ні, не використовую",Інша,Продуктова,3. до 50,1.5,"5. Вища (бакалавр, спеціаліст, магістр) - одна або декілька",4. Intermediate,Чоловік,34.0,В Україні
5/27/2024 10:31,Працюю full-time в ІТ-компанії чи ІТ-відділі,2119.0,"Analyst (Business, Data, System etc)",Middle,Business Analyst,"Ні, не використовую","Dating, Real estate, Інша",Сервісна (аутсорсингова),4. до 200,3.0,"5. Вища (бакалавр, спеціаліст, магістр) - одна або декілька",5. Upper-Intermediate,Чоловік,30.0,В Україні
5/27/2024 10:37,Працюю full-time в ІТ-компанії чи ІТ-відділі,3100.0,"Analyst (Business, Data, System etc)",Senior,Business Analyst,"Ні, не використовую","E-commerce, Medtech / Healthcare, Telecom",Сервісна (аутсорсингова),4. до 200,7.0,"5. Вища (бакалавр, спеціаліст, магістр) - одна або декілька",5. Upper-Intermediate,Чоловік,30.0,В Україні
5/27/2024 10:41,Працюю full-time в ІТ-компанії чи ІТ-відділі,750.0,"Analyst (Business, Data, System etc)",Немає тайтлу,Business Analyst,"Ні, не використовую",E-commerce,Продуктова,4. до 200,4.0,3. Ще студент вишу,5. Upper-Intermediate,Чоловік,25.0,В Україні
5/27/2024 10:59,Працюю full-time в ІТ-компанії чи ІТ-відділі,2900.0,"Analyst (Business, Data, System etc)",Middle,Business Analyst,"Ні, не використовую",Retail,Продуктова,6. понад 1000,3.0,"5. Вища (бакалавр, спеціаліст, магістр) - одна або декілька",5. Upper-Intermediate,Жінка,24.0,В Україні
5/27/2024 11:44,Працюю full-time в ІТ-компанії чи ІТ-відділі,4750.0,"Analyst (Business, Data, System etc)",Team Lead,Business Analyst,"Так, використовую","Data Science, Інша",Сервісна (аутсорсингова),6. понад 1000,13.0,"5. Вища (бакалавр, спеціаліст, магістр) - одна або декілька",6. Advanced,Чоловік,35.0,В Україні
5/27/2024 11:53,Працюю full-time в ІТ-компанії чи ІТ-відділі,3000.0,"Analyst (Business, Data, System etc)",Senior,Business Analyst,"Ні, не використовую",Automotive,Сервісна (аутсорсингова),6. понад 1000,5.0,"5. Вища (бакалавр, спеціаліст, магістр) - одна або декілька",6. Advanced,Жінка,32.0,В Україні
5/27/2024 12:05,Працюю full-time в ІТ-компанії чи ІТ-відділі,3500.0,"Analyst (Business, Data, System etc)",Немає тайтлу,Business Analyst,"Ні, не використовую","E-commerce, Edtech / Education, Fintech / Banking / Capital Management",Сервісна (аутсорсингова),3. до 50,6.0,"5. Вища (бакалавр, спеціаліст, магістр) - одна або декілька",6. Advanced,Чоловік,41.0,В Україні
5/27/2024 12:11,Працюю full-time в ІТ-компанії чи ІТ-відділі,6050.0,"Analyst (Business, Data, System etc)",Manager,Business Analyst,"Ні, не використовую","E-commerce, Інша",Сервісна (аутсорсингова),6. понад 1000,7.0,"5. Вища (бакалавр, спеціаліст, магістр) - одна або декілька",6. Advanced,Чоловік,31.0,В Україні
5/27/2024 12:41,Зараз на частково оплачуваному бенчі в ІТ-компанії,4000.0,"Analyst (Business, Data, System etc)",Senior,Business Analyst,"Так, використовую",Logistics,Сервісна (аутсорсингова),6. понад 1000,6.0,"5. Вища (бакалавр, спеціаліст, магістр) - одна або декілька",5. Upper-Intermediate,Жінка,28.0,В Україні
5/27/2024 12:53,Працюю full-time в ІТ-компанії чи ІТ-відділі,2300.0,"Analyst (Business, Data, System etc)",Middle,Business Analyst,"Ні, не використовую","Edtech / Education, Gambling",Продуктова,6. понад 1000,2.0,"5. Вища (бакалавр, спеціаліст, магістр) - одна або декілька",5. Upper-Intermediate,Чоловік,23.0,В Україні
5/27/2024 12:53,Працюю full-time в ІТ-компанії чи ІТ-відділі,2500.0,"Analyst (Business, Data, System etc)",Head,Business Analyst,"Так, використовую","Manufacturing, Medtech / Healthcare, Telecom",Продуктова,4. до 200,10.0,"5. Вища (бакалавр, спеціаліст, магістр) - одна або декілька",6. Advanced,Чоловік,41.0,В Україні
5/27/2024 12:54,Працюю full-time в ІТ-компанії чи ІТ-відділі,4350.0,"Analyst (Business, Data, System etc)",Senior,Business Analyst,"Ні, не використовую",Medtech / Healthcare,Сервісна (аутсорсингова),6. понад 1000,8.0,"5. Вища (бакалавр, спеціаліст, магістр) - одна або декілька",5. Upper-Intermediate,Чоловік,35.0,В Україні
5/27/2024 13:19,Працюю full-time в ІТ-компанії чи ІТ-відділі,800.0,"Analyst (Business, Data, System etc)",Junior,Business Analyst,"Ні, не використовую","Business Intelligence / Data Warehouse, Edtech / Education",Продуктова,5. до 1000,2.0,"5. Вища (бакалавр, спеціаліст, магістр) - одна або декілька",5. Upper-Intermediate,Чоловік,23.0,В Україні
5/27/2024 13:27,Працюю full-time в ІТ-компанії чи ІТ-відділі,6350.0,"Analyst (Business, Data, System etc)",Head,Business Analyst,"Ні, не використовую","Big Data, Fintech / Banking / Capital Management",Сервісна (аутсорсингова),6. понад 1000,8.0,"5. Вища (бакалавр, спеціаліст, магістр) - одна або декілька",5. Upper-Intermediate,Жінка,40.0,В Україні
5/27/2024 13:31,Працюю full-time в ІТ-компанії чи ІТ-відділі,4200.0,"Analyst (Business, Data, System etc)",Senior,Business Analyst,"Ні, не використовую","ERP, Інша",Сервісна (аутсорсингова),6. понад 1000,10.0,"5. Вища (бакалавр, спеціаліст, магістр) - одна або декілька",5. Upper-Intermediate,Чоловік,36.0,В Україні
5/27/2024 13:59,Працюю full-time в ІТ-компанії чи ІТ-відділі,3000.0,"Analyst (Business, Data, System etc)",Middle,Business Analyst,"Так, використовую",ERP,Продуктова,5. до 1000,3.0,"5. Вища (бакалавр, спеціаліст, магістр) - одна або декілька",6. Advanced,Чоловік,26.0,В Україні
5/27/2024 16:41,Працюю full-time в ІТ-компанії чи ІТ-відділі,2000.0,"Analyst (Business, Data, System etc)",Middle,Business Analyst,"Ні, не використовую","Blockchain, Fintech / Banking / Capital Management",Продуктова,4. до 200,5.0,"5. Вища (бакалавр, спеціаліст, магістр) - одна або декілька",4. Intermediate,Жінка,40.0,В Україні
5/27/2024 16:42,Працюю full-time в ІТ-компанії чи ІТ-відділі,2500.0,"Analyst (Business, Data, System etc)",Middle,Business Analyst,"Ні, не використовую","E-commerce, Medtech / Healthcare",Продуктова,4. до 200,4.0,"5. Вища (бакалавр, спеціаліст, магістр) - одна або декілька",4. Intermediate,Чоловік,34.0,В Україні
5/27/2024 16:50,Працюю full-time в ІТ-компанії чи ІТ-відділі,2800.0,"Analyst (Business, Data, System etc)",Middle,Business Analyst,"Ні, не використовую",Legal,Сервісна (аутсорсингова),6. понад 1000,3.0,"5. Вища (бакалавр, спеціаліст, магістр) - одна або декілька",5. Upper-Intermediate,Жінка,34.0,В Україні
5/27/2024 16:57,Працюю full-time в ІТ-компанії чи ІТ-відділі,1750.0,"Analyst (Business, Data, System etc)",Немає тайтлу,Business Analyst,"Ні, не використовую","Telecom, Інша",Сервісна (аутсорсингова),4. до 200,1.0,3. Ще студент вишу,6. Advanced,Чоловік,19.0,В Україні
5/27/2024 17:11,Працюю full-time в ІТ-компанії чи ІТ-відділі,2300.0,"Analyst (Business, Data, System etc)",Middle,Business Analyst,"Ні, не використовую",Travel,Сервісна (аутсорсингова),6. понад 1000,3.0,"5. Вища (бакалавр, спеціаліст, магістр) - одна або декілька",6. Advanced,Жінка,32.0,В Україні
5/27/2024 17:12,Працюю full-time в ІТ-компанії чи ІТ-відділі,3280.0,"Analyst (Business, Data, System etc)",Senior,Business Analyst,"Ні, не використовую",Public services / Government,Сервісна (аутсорсингова),3. до 50,5.0,"5. Вища (бакалавр, спеціаліст, магістр) - одна або декілька",6. Advanced,Жінка,27.0,В Україні
5/27/2024 18:43,Працюю full-time в ІТ-компанії чи ІТ-відділі,2500.0,"Analyst (Business, Data, System etc)",Middle,Business Analyst,"Ні, не використовую",Telecom,Продуктова,5. до 1000,3.0,"5. Вища (бакалавр, спеціаліст, магістр) - одна або декілька",5. Upper-Intermediate,Чоловік,34.0,В Україні
5/27/2024 19:46,Працюю full-time в ІТ-компанії чи ІТ-відділі,550.0,"Analyst (Business, Data, System etc)",Junior,Business Analyst,"Ні, не використовую",Automotive,Продуктова,5. до 1000,0.1,3. Ще студент вишу,5. Upper-Intermediate,Жінка,20.0,В Україні
5/27/2024 19:49,Працюю full-time в ІТ-компанії чи ІТ-відділі,283.0,"Analyst (Business, Data, System etc)",Intern/Trainee,Business Analyst,"Так, використовую",Fintech / Banking / Capital Management,Продуктова,5. до 1000,0.25,3. Ще студент вишу,5. Upper-Intermediate,Жінка,19.0,В Україні
5/27/2024 20:19,Працюю full-time в ІТ-компанії чи ІТ-відділі,595.0,"Analyst (Business, Data, System etc)",Junior,Business Analyst,"Ні, не використовую",Public services / Government,Продуктова,4. до 200,0.25,"5. Вища (бакалавр, спеціаліст, магістр) - одна або декілька",5. Upper-Intermediate,Жінка,27.0,В Україні
5/27/2024 20:32,Працюю full-time в ІТ-компанії чи ІТ-відділі,3000.0,"Analyst (Business, Data, System etc)",Senior,Business Analyst,"Ні, не використовую",Legal,Сервісна (аутсорсингова),6. понад 1000,10.0,"5. Вища (бакалавр, спеціаліст, магістр) - одна або декілька",5. Upper-Intermediate,Жінка,50.0,В Україні
5/27/2024 20:40,Працюю full-time в ІТ-компанії чи ІТ-відділі,700.0,"Analyst (Business, Data, System etc)",Junior,Business Analyst,"Так, використовую",Fintech / Banking / Capital Management,Державне підприємство / установа,6. понад 1000,3.0,"5. Вища (бакалавр, спеціаліст, магістр) - одна або декілька",4. Intermediate,Чоловік,29.0,В Україні
5/27/2024 20:50,Працюю full-time в ІТ-компанії чи ІТ-відділі,3000.0,"Analyst (Business, Data, System etc)",Middle,Business Analyst,"Ні, не використовую","Mobile, Retail",Сервісна (аутсорсингова),4. до 200,6.0,"5. Вища (бакалавр, спеціаліст, магістр) - одна або декілька",5. Upper-Intermediate,Жінка,27.0,В Україні
5/27/2024 20:59,Працюю full-time в ІТ-компанії чи ІТ-відділі,3500.0,"Analyst (Business, Data, System etc)",Middle,Business Analyst,"Ні, не використовую","Gambling, Mobile",Продуктова,5. до 1000,3.0,"5. Вища (бакалавр, спеціаліст, магістр) - одна або декілька",6. Advanced,Чоловік,26.0,В Україні
5/27/2024 22:22,Працюю full-time в ІТ-компанії чи ІТ-відділі,2750.0,"Analyst (Business, Data, System etc)",Senior,Business Analyst,"Ні, не використовую",Retail,Продуктова,5. до 1000,4.0,"5. Вища (бакалавр, спеціаліст, магістр) - одна або декілька",4. Intermediate,Чоловік,34.0,В Україні
5/27/2024 22:30,Працюю full-time в ІТ-компанії чи ІТ-відділі,2700.0,"Analyst (Business, Data, System etc)",Middle,Business Analyst,"Ні, не використовую",Fintech / Banking / Capital Management,Сервісна (аутсорсингова),6. понад 1000,5.0,"5. Вища (бакалавр, спеціаліст, магістр) - одна або декілька",5. Upper-Intermediate,Чоловік,31.0,В Україні
5/27/2024 22:32,Працюю full-time в ІТ-компанії чи ІТ-відділі,850.0,"Analyst (Business, Data, System etc)",Немає тайтлу,Business Analyst,"Ні, не використовую","E-commerce, ERP, Media",Продуктова,4. до 200,3.0,"5. Вища (бакалавр, спеціаліст, магістр) - одна або декілька",5. Upper-Intermediate,Жінка,40.0,В Україні
5/27/2024 22:59,Працюю full-time в ІТ-компанії чи ІТ-відділі,2500.0,"Analyst (Business, Data, System etc)",Junior,Business Analyst,"Ні, не використовую","Big Data, Data Science, Manufacturing",Сервісна (аутсорсингова),5. до 1000,1.0,"5. Вища (бакалавр, спеціаліст, магістр) - одна або декілька",5. Upper-Intermediate,Чоловік,38.0,В Україні
5/27/2024 23:36,Працюю full-time в ІТ-компанії чи ІТ-відділі,5000.0,"Analyst (Business, Data, System etc)",Middle,Business Analyst,"Ні, не використовую","Fintech / Banking / Capital Management, Інша",Сервісна (аутсорсингова),4. до 200,3.0,"5. Вища (бакалавр, спеціаліст, магістр) - одна або декілька",5. Upper-Intermediate,Чоловік,26.0,В Україні
5/28/2024 0:15,Працюю full-time в ІТ-компанії чи ІТ-відділі,2500.0,"Analyst (Business, Data, System etc)",Senior,Business Analyst,"Ні, не використовую",Manufacturing,Сервісна (аутсорсингова),3. до 50,9.0,"5. Вища (бакалавр, спеціаліст, магістр) - одна або декілька",6. Advanced,Жінка,37.0,В Україні
5/28/2024 0:34,Працюю full-time в ІТ-компанії чи ІТ-відділі,2950.0,"Analyst (Business, Data, System etc)",Middle,Business Analyst,"Ні, не використовую",Edtech / Education,Сервісна (аутсорсингова),6. понад 1000,6.0,"5. Вища (бакалавр, спеціаліст, магістр) - одна або декілька",6. Advanced,Чоловік,28.0,В Україні
5/28/2024 0:54,Працюю full-time в ІТ-компанії чи ІТ-відділі,1200.0,"Analyst (Business, Data, System etc)",Middle,Business Analyst,"Так, використовую",Fintech / Banking / Capital Management,Продуктова,5. до 1000,3.0,"5. Вища (бакалавр, спеціаліст, магістр) - одна або декілька",5. Upper-Intermediate,Чоловік,31.0,Планують повернутися
5/28/2024 6:31,Працюю full-time в ІТ-компанії чи ІТ-відділі,1150.0,"Analyst (Business, Data, System etc)",Middle,Business Analyst,"Так, використовую",Fintech / Banking / Capital Management,Державне підприємство / установа,6. понад 1000,4.0,"5. Вища (бакалавр, спеціаліст, магістр) - одна або декілька",4. Intermediate,Чоловік,41.0,В Україні
5/28/2024 8:42,Працюю part-time в ІТ-компанії чи ІТ-відділі,267.0,"Analyst (Business, Data, System etc)",Intern/Trainee,Business Analyst,"Ні, не використовую","Embedded, Internet of Things, Manufacturing",Продуктова,5. до 1000,0.25,3. Ще студент вишу,5. Upper-Intermediate,Чоловік,19.0,В Україні
5/28/2024 8:56,Працюю part-time в ІТ-компанії чи ІТ-відділі,2100.0,"Analyst (Business, Data, System etc)",Tech Lead,Business Analyst,"Так, використовую",Fintech / Banking / Capital Management,Продуктова,4. до 200,11.0,"5. Вища (бакалавр, спеціаліст, магістр) - одна або декілька",6. Advanced,Чоловік,33.0,В Україні
5/28/2024 9:25,Працюю full-time в ІТ-компанії чи ІТ-відділі,900.0,"Analyst (Business, Data, System etc)",Junior,Business Analyst,"Ні, не використовую","E-commerce, ERP, Public services / Government",Державне підприємство / установа,5. до 1000,1.0,3. Ще студент вишу,5. Upper-Intermediate,Жінка,21.0,В Україні
5/28/2024 10:13,Працюю full-time в ІТ-компанії чи ІТ-відділі,2000.0,"Analyst (Business, Data, System etc)",Middle,Business Analyst,"Ні, не використовую","Hardware, Security",Продуктова,6. понад 1000,2.0,3. Ще студент вишу,5. Upper-Intermediate,Чоловік,20.0,В Україні
5/28/2024 10:19,Працюю full-time в ІТ-компанії чи ІТ-відділі,3500.0,"Analyst (Business, Data, System etc)",Middle,Business Analyst,"Ні, не використовую",Medtech / Healthcare,Сервісна (аутсорсингова),5. до 1000,2.0,"5. Вища (бакалавр, спеціаліст, магістр) - одна або декілька",5. Upper-Intermediate,Чоловік,34.0,В Україні
5/28/2024 10:56,Працюю full-time в ІТ-компанії чи ІТ-відділі,500.0,"Analyst (Business, Data, System etc)",Junior,Business Analyst,"Ні, не використовую",E-commerce,Продуктова,3. до 50,0.25,"5. Вища (бакалавр, спеціаліст, магістр) - одна або декілька",4. Intermediate,Жінка,36.0,В Україні
5/28/2024 11:02,Працюю full-time в ІТ-компанії чи ІТ-відділі,2000.0,"Analyst (Business, Data, System etc)",Middle,Business Analyst,"Ні, не використовую","Business Intelligence / Data Warehouse, ERP",Інша,3. до 50,2.0,"5. Вища (бакалавр, спеціаліст, магістр) - одна або декілька",5. Upper-Intermediate,Чоловік,26.0,В Україні
5/28/2024 11:44,Працюю full-time в ІТ-компанії чи ІТ-відділі,5300.0,"Analyst (Business, Data, System etc)",Senior,Business Analyst,"Ні, не використовую","Data Science, Machine Learning, Medtech / Healthcare",Сервісна (аутсорсингова),6. понад 1000,15.0,"5. Вища (бакалавр, спеціаліст, магістр) - одна або декілька",6. Advanced,Чоловік,41.0,В Україні
5/28/2024 11:46,Працюю full-time в ІТ-компанії чи ІТ-відділі,2000.0,"Analyst (Business, Data, System etc)",Middle,Business Analyst,"Ні, не використовую","Medtech / Healthcare, Travel",Сервісна (аутсорсингова),4. до 200,2.0,"5. Вища (бакалавр, спеціаліст, магістр) - одна або декілька",5. Upper-Intermediate,Чоловік,31.0,В Україні
5/28/2024 12:41,Працюю full-time в ІТ-компанії чи ІТ-відділі,1700.0,"Analyst (Business, Data, System etc)",Junior,Business Analyst,"Ні, не використовую",E-commerce,Сервісна (аутсорсингова),4. до 200,3.0,"5. Вища (бакалавр, спеціаліст, магістр) - одна або декілька",5. Upper-Intermediate,Жінка,33.0,В Україні
5/28/2024 12:59,Працюю full-time в ІТ-компанії чи ІТ-відділі,4000.0,"Analyst (Business, Data, System etc)",Team Lead,Business Analyst,"Ні, не використовую",ERP,Сервісна (аутсорсингова),4. до 200,8.0,"5. Вища (бакалавр, спеціаліст, магістр) - одна або декілька",5. Upper-Intermediate,Жінка,29.0,В Україні
5/28/2024 13:09,Працюю full-time в ІТ-компанії чи ІТ-відділі,2200.0,"Analyst (Business, Data, System etc)",Middle,Business Analyst,"Ні, не використовую",Інша,Продуктова,5. до 1000,3.0,"5. Вища (бакалавр, спеціаліст, магістр) - одна або декілька",4. Intermediate,Жінка,23.0,В Україні
5/28/2024 13:14,Працюю part-time в ІТ-компанії чи ІТ-відділі,1000.0,"Analyst (Business, Data, System etc)",Немає тайтлу,Business Analyst,"Ні, не використовую",AR/VR,Сервісна (аутсорсингова),4. до 200,2.0,"5. Вища (бакалавр, спеціаліст, магістр) - одна або декілька",5. Upper-Intermediate,Жінка,35.0,В Україні
5/28/2024 14:22,Працюю full-time в ІТ-компанії чи ІТ-відділі,1710.0,"Analyst (Business, Data, System etc)",Middle,Business Analyst,"Так, використовую",Fintech / Banking / Capital Management,Продуктова,3. до 50,3.0,4. Незакінчена вища,5. Upper-Intermediate,Чоловік,35.0,В Україні
5/28/2024 14:55,Працюю full-time в ІТ-компанії чи ІТ-відділі,3000.0,"Analyst (Business, Data, System etc)",Middle,Business Analyst,"Ні, не використовую",Medtech / Healthcare,Продуктова,6. понад 1000,4.0,1. Середня,5. Upper-Intermediate,Жінка,28.0,В Україні
5/28/2024 15:24,Працюю full-time в ІТ-компанії чи ІТ-відділі,1800.0,"Analyst (Business, Data, System etc)",Middle,Business Analyst,"Ні, не використовую",Telecom,Продуктова,6. понад 1000,3.0,"5. Вища (бакалавр, спеціаліст, магістр) - одна або декілька",5. Upper-Intermediate,Чоловік,24.0,В Україні
5/28/2024 16:47,Працюю full-time в ІТ-компанії чи ІТ-відділі,4750.0,"Analyst (Business, Data, System etc)",Senior,Business Analyst,"Ні, не використовую","Adtech / Advertising, Medtech / Healthcare, Travel",Сервісна (аутсорсингова),4. до 200,8.0,"5. Вища (бакалавр, спеціаліст, магістр) - одна або декілька",5. Upper-Intermediate,Чоловік,32.0,В Україні
5/28/2024 17:21,Втратив(-ла) роботу в ІТ і шукаю нову,3000.0,"Analyst (Business, Data, System etc)",Middle,Business Analyst,"Ні, не використовую",Fintech / Banking / Capital Management,Продуктова,4. до 200,3.0,"5. Вища (бакалавр, спеціаліст, магістр) - одна або декілька",5. Upper-Intermediate,Жінка,27.0,Планують повернутися
5/28/2024 17:27,Працюю full-time в ІТ-компанії чи ІТ-відділі,650.0,"Analyst (Business, Data, System etc)",Junior,Business Analyst,"Ні, не використовую",E-commerce,Продуктова,5. до 1000,0.25,2. Середня спеціальна,4. Intermediate,Жінка,25.0,В Україні
5/28/2024 19:02,Працюю full-time в ІТ-компанії чи ІТ-відділі,1365.0,"Analyst (Business, Data, System etc)",Middle,Business Analyst,"Ні, не використовую",Telecom,Продуктова,5. до 1000,3.0,"5. Вища (бакалавр, спеціаліст, магістр) - одна або декілька",3. Pre-Intermediate,Чоловік,34.0,В Україні
5/29/2024 9:12,Працюю full-time в ІТ-компанії чи ІТ-відділі,1900.0,"Analyst (Business, Data, System etc)",Middle,Business Analyst,"Ні, не використовую","E-commerce, Medtech / Healthcare",Сервісна (аутсорсингова),4. до 200,3.0,"5. Вища (бакалавр, спеціаліст, магістр) - одна або декілька",5. Upper-Intermediate,Жінка,22.0,В Україні
5/29/2024 9:21,Працюю full-time в ІТ-компанії чи ІТ-відділі,1500.0,"Analyst (Business, Data, System etc)",Middle,Business Analyst,"Ні, не використовую",Інша,Продуктова,3. до 50,4.0,"5. Вища (бакалавр, спеціаліст, магістр) - одна або декілька",3. Pre-Intermediate,Чоловік,39.0,В Україні
5/29/2024 9:29,Працюю full-time в ІТ-компанії чи ІТ-відділі,1851.0,"Analyst (Business, Data, System etc)",Team Lead,Business Analyst,"Ні, не використовую",ERP,Продуктова,3. до 50,10.0,"5. Вища (бакалавр, спеціаліст, магістр) - одна або декілька",6. Advanced,Чоловік,47.0,В Україні
5/29/2024 10:03,Працюю full-time в ІТ-компанії чи ІТ-відділі,1520.0,"Analyst (Business, Data, System etc)",Middle,Business Analyst,"Так, використовую","E-commerce, Edtech / Education, Fintech / Banking / Capital Management",Сервісна (аутсорсингова),3. до 50,2.0,"5. Вища (бакалавр, спеціаліст, магістр) - одна або декілька",5. Upper-Intermediate,Жінка,34.0,В Україні
5/29/2024 10:18,Працюю full-time в ІТ-компанії чи ІТ-відділі,1700.0,"Analyst (Business, Data, System etc)",Middle,Business Analyst,"Ні, не використовую","Automotive, Medtech / Healthcare",Сервісна (аутсорсингова),5. до 1000,4.0,"5. Вища (бакалавр, спеціаліст, магістр) - одна або декілька",5. Upper-Intermediate,Жінка,28.0,В Україні
5/29/2024 10:18,Працюю full-time в ІТ-компанії чи ІТ-відділі,2000.0,"Analyst (Business, Data, System etc)",Middle,Business Analyst,"Ні, не використовую",Fintech / Banking / Capital Management,Продуктова,5. до 1000,2.0,"5. Вища (бакалавр, спеціаліст, магістр) - одна або декілька",3. Pre-Intermediate,Чоловік,35.0,В Україні
5/29/2024 10:24,Працюю full-time в ІТ-компанії чи ІТ-відділі,1600.0,"Analyst (Business, Data, System etc)",Senior,Business Analyst,"Ні, не використовую",Fintech / Banking / Capital Management,Державне підприємство / установа,5. до 1000,7.0,"5. Вища (бакалавр, спеціаліст, магістр) - одна або декілька",4. Intermediate,Жінка,28.0,В Україні
5/29/2024 10:55,Працюю full-time в ІТ-компанії чи ІТ-відділі,3350.0,"Analyst (Business, Data, System etc)",Senior,Business Analyst,"Ні, не використовую","Medtech / Healthcare, Real estate",Аутстафінгова,5. до 1000,7.0,"5. Вища (бакалавр, спеціаліст, магістр) - одна або декілька",5. Upper-Intermediate,Жінка,28.0,В Україні
5/29/2024 11:39,Працюю full-time в ІТ-компанії чи ІТ-відділі,1450.0,"Analyst (Business, Data, System etc)",Middle,Business Analyst,"Ні, не використовую",Insurance,Продуктова,6. понад 1000,6.0,"5. Вища (бакалавр, спеціаліст, магістр) - одна або декілька",3. Pre-Intermediate,Чоловік,31.0,В Україні
5/29/2024 13:00,Працюю full-time в ІТ-компанії чи ІТ-відділі,1500.0,"Analyst (Business, Data, System etc)",Junior,Business Analyst,"Ні, не використовую",ERP,Сервісна (аутсорсингова),4. до 200,1.5,"5. Вища (бакалавр, спеціаліст, магістр) - одна або декілька",6. Advanced,Жінка,23.0,В Україні
5/29/2024 13:48,Працюю full-time в ІТ-компанії чи ІТ-відділі,4200.0,"Analyst (Business, Data, System etc)",Senior,Business Analyst,"Так, використовую",Інша,Продуктова,3. до 50,12.0,"5. Вища (бакалавр, спеціаліст, магістр) - одна або декілька",5. Upper-Intermediate,Жінка,39.0,В Україні
5/29/2024 15:43,Працюю full-time в ІТ-компанії чи ІТ-відділі,2200.0,"Analyst (Business, Data, System etc)",Немає тайтлу,Business Analyst,"Ні, не використовую","Blockchain, Fintech / Banking / Capital Management, Gambling",Продуктова,4. до 200,0.5,"5. Вища (бакалавр, спеціаліст, магістр) - одна або декілька",5. Upper-Intermediate,Чоловік,23.0,В Україні
5/29/2024 15:50,Працюю full-time в ІТ-компанії чи ІТ-відділі,3800.0,"Analyst (Business, Data, System etc)",Немає тайтлу,Business Analyst,"Ні, не використовую","Machine Learning, Retail",Сервісна (аутсорсингова),4. до 200,5.0,"5. Вища (бакалавр, спеціаліст, магістр) - одна або декілька",5. Upper-Intermediate,Жінка,33.0,Планують повернутися
5/29/2024 18:03,Працюю full-time в ІТ-компанії чи ІТ-відділі,2800.0,"Analyst (Business, Data, System etc)",Middle,Business Analyst,"Ні, не використовую",E-commerce,Продуктова,5. до 1000,5.0,"5. Вища (бакалавр, спеціаліст, магістр) - одна або декілька",5. Upper-Intermediate,Жінка,26.0,В Україні
5/29/2024 19:35,Працюю full-time в ІТ-компанії чи ІТ-відділі,2500.0,"Analyst (Business, Data, System etc)",Senior,Business Analyst,"Ні, не використовую",Medtech / Healthcare,Продуктова,3. до 50,10.0,"5. Вища (бакалавр, спеціаліст, магістр) - одна або декілька",4. Intermediate,Чоловік,38.0,В Україні
5/29/2024 20:55,Працюю full-time в ІТ-компанії чи ІТ-відділі,3562.0,"Analyst (Business, Data, System etc)",Senior,Business Analyst,"Ні, не використовую","Insurance, Medtech / Healthcare",Сервісна (аутсорсингова),6. понад 1000,4.0,"5. Вища (бакалавр, спеціаліст, магістр) - одна або декілька",6. Advanced,Чоловік,37.0,В Україні
5/30/2024 6:20,Працюю full-time в ІТ-компанії чи ІТ-відділі,4000.0,"Analyst (Business, Data, System etc)",Senior,Business Analyst,"Ні, не використовую","Fintech / Banking / Capital Management, Gambling",Продуктова,5. до 1000,1.5,"5. Вища (бакалавр, спеціаліст, магістр) - одна або декілька",6. Advanced,Чоловік,44.0,В Україні
5/30/2024 8:48,Працюю full-time в ІТ-компанії чи ІТ-відділі,5500.0,"Analyst (Business, Data, System etc)",Tech Lead,Business Analyst,"Ні, не використовую",E-commerce,Сервісна (аутсорсингова),6. понад 1000,9.0,"5. Вища (бакалавр, спеціаліст, магістр) - одна або декілька",6. Advanced,Чоловік,34.0,В Україні
5/30/2024 9:19,Працюю full-time в ІТ-компанії чи ІТ-відділі,3750.0,"Analyst (Business, Data, System etc)",Middle,Business Analyst,"Ні, не використовую",Travel,Сервісна (аутсорсингова),6. понад 1000,5.0,"5. Вища (бакалавр, спеціаліст, магістр) - одна або декілька",6. Advanced,Чоловік,34.0,В Україні
5/30/2024 9:20,Працюю full-time в ІТ-компанії чи ІТ-відділі,3200.0,"Analyst (Business, Data, System etc)",Middle,Business Analyst,"Ні, не використовую",Medtech / Healthcare,Сервісна (аутсорсингова),6. понад 1000,3.0,"6. Науковий ступінь (кандидат / доктор наук, PhD)",5. Upper-Intermediate,Жінка,36.0,В Україні
5/30/2024 12:35,Працюю full-time в ІТ-компанії чи ІТ-відділі,3400.0,"Analyst (Business, Data, System etc)",Немає тайтлу,Business Analyst,"Ні, не використовую",Gambling,Продуктова,6. понад 1000,3.0,"5. Вища (бакалавр, спеціаліст, магістр) - одна або декілька",4. Intermediate,Чоловік,35.0,В Україні
5/30/2024 12:46,Працюю full-time в ІТ-компанії чи ІТ-відділі,2200.0,"Analyst (Business, Data, System etc)",Middle,Business Analyst,"Ні, не використовую",Retail,Сервісна (аутсорсингова),6. понад 1000,5.0,"5. Вища (бакалавр, спеціаліст, магістр) - одна або декілька",6. Advanced,Жінка,34.0,В Україні
5/30/2024 13:06,Працюю full-time в ІТ-компанії чи ІТ-відділі,4200.0,"Analyst (Business, Data, System etc)",Senior,Business Analyst,"Ні, не використовую",Інша,Аутстафінгова,3. до 50,15.0,"5. Вища (бакалавр, спеціаліст, магістр) - одна або декілька",6. Advanced,Жінка,42.0,В Україні
5/30/2024 14:51,Працюю full-time в ІТ-компанії чи ІТ-відділі,1500.0,"Analyst (Business, Data, System etc)",Middle,Business Analyst,"Ні, не використовую",Medtech / Healthcare,Сервісна (аутсорсингова),6. понад 1000,4.0,"5. Вища (бакалавр, спеціаліст, магістр) - одна або декілька",5. Upper-Intermediate,Жінка,25.0,В Україні
5/30/2024 15:24,Працюю full-time в ІТ-компанії чи ІТ-відділі,500.0,"Analyst (Business, Data, System etc)",Junior,Business Analyst,"Ні, не використовую","E-commerce, Retail",Сервісна (аутсорсингова),4. до 200,0.5,3. Ще студент вишу,6. Advanced,Чоловік,20.0,В Україні
5/30/2024 15:34,Працюю full-time в ІТ-компанії чи ІТ-відділі,1200.0,"Analyst (Business, Data, System etc)",Немає тайтлу,Business Analyst,"Ні, не використовую","Automotive, E-commerce, Retail",Продуктова,5. до 1000,0.25,"5. Вища (бакалавр, спеціаліст, магістр) - одна або декілька",4. Intermediate,Чоловік,33.0,В Україні
5/30/2024 15:37,Працюю full-time в ІТ-компанії чи ІТ-відділі,1400.0,"Analyst (Business, Data, System etc)",Middle,Business Analyst,"Ні, не використовую",Cloud Computing,Продуктова,3. до 50,3.0,"5. Вища (бакалавр, спеціаліст, магістр) - одна або декілька",5. Upper-Intermediate,Жінка,41.0,В Україні
5/30/2024 15:45,Працюю full-time в ІТ-компанії чи ІТ-відділі,1900.0,"Analyst (Business, Data, System etc)",Middle,Business Analyst,"Ні, не використовую",Real estate,Продуктова,3. до 50,2.0,"5. Вища (бакалавр, спеціаліст, магістр) - одна або декілька",5. Upper-Intermediate,Чоловік,24.0,В Україні
5/30/2024 15:47,Працюю full-time в ІТ-компанії чи ІТ-відділі,1300.0,"Analyst (Business, Data, System etc)",Middle,Business Analyst,"Ні, не використовую",Fintech / Banking / Capital Management,Продуктова,6. понад 1000,2.0,"5. Вища (бакалавр, спеціаліст, магістр) - одна або декілька",3. Pre-Intermediate,Чоловік,29.0,В Україні
5/30/2024 15:51,Працюю full-time в ІТ-компанії чи ІТ-відділі,3300.0,"Analyst (Business, Data, System etc)",Senior,Business Analyst,"Ні, не використовую",Embedded,Сервісна (аутсорсингова),6. понад 1000,7.0,"5. Вища (бакалавр, спеціаліст, магістр) - одна або декілька",6. Advanced,Жінка,31.0,В Україні
5/30/2024 15:58,Працюю full-time в ІТ-компанії чи ІТ-відділі,1800.0,"Analyst (Business, Data, System etc)",Middle,Business Analyst,"Ні, не використовую","Logistics, Travel",Продуктова,5. до 1000,3.0,"5. Вища (бакалавр, спеціаліст, магістр) - одна або декілька",4. Intermediate,Чоловік,22.0,В Україні
5/30/2024 19:17,Працюю full-time в ІТ-компанії чи ІТ-відділі,2500.0,"Analyst (Business, Data, System etc)",Немає тайтлу,Business Analyst,"Ні, не використовую","Big Data, Data Science, Legal",Продуктова,4. до 200,3.0,"5. Вища (бакалавр, спеціаліст, магістр) - одна або декілька",5. Upper-Intermediate,Чоловік,36.0,В Україні
5/30/2024 22:14,Працюю full-time в ІТ-компанії чи ІТ-відділі,1100.0,"Analyst (Business, Data, System etc)",Немає тайтлу,Business Analyst,"Ні, не використовую",Adtech / Advertising,Сервісна (аутсорсингова),4. до 200,1.5,"5. Вища (бакалавр, спеціаліст, магістр) - одна або декілька",5. Upper-Intermediate,Жінка,29.0,В Україні
5/31/2024 2:08,Працюю full-time в ІТ-компанії чи ІТ-відділі,1600.0,"Analyst (Business, Data, System etc)",Middle,Business Analyst,"Ні, не використовую",Retail,Продуктова,5. до 1000,3.0,"5. Вища (бакалавр, спеціаліст, магістр) - одна або декілька",5. Upper-Intermediate,Жінка,23.0,В Україні
5/31/2024 7:25,Працюю full-time в ІТ-компанії чи ІТ-відділі,3009.0,"Analyst (Business, Data, System etc)",Middle,Business Analyst,"Ні, не використовую","E-commerce, Medtech / Healthcare",Сервісна (аутсорсингова),6. понад 1000,6.0,"5. Вища (бакалавр, спеціаліст, магістр) - одна або декілька",5. Upper-Intermediate,Чоловік,37.0,В Україні
5/31/2024 10:44,Працюю full-time в ІТ-компанії чи ІТ-відділі,2100.0,"Analyst (Business, Data, System etc)",Senior,Business Analyst,"Ні, не використовую","Legal, Інша",Сервісна (аутсорсингова),3. до 50,5.0,"5. Вища (бакалавр, спеціаліст, магістр) - одна або декілька",6. Advanced,Чоловік,35.0,В Україні
5/31/2024 10:45,Працюю full-time в ІТ-компанії чи ІТ-відділі,4000.0,"Analyst (Business, Data, System etc)",Team Lead,Business Analyst,"Ні, не використовую",Gambling,Продуктова,5. до 1000,4.0,"5. Вища (бакалавр, спеціаліст, магістр) - одна або декілька",6. Advanced,Жінка,34.0,В Україні
5/31/2024 11:12,Працюю full-time в ІТ-компанії чи ІТ-відділі,500.0,"Analyst (Business, Data, System etc)",Junior,Business Analyst,"Ні, не використовую",ERP,Продуктова,3. до 50,1.0,3. Ще студент вишу,4. Intermediate,Чоловік,22.0,В Україні
5/31/2024 11:33,Працюю full-time в ІТ-компанії чи ІТ-відділі,2200.0,"Analyst (Business, Data, System etc)",Manager,Business Analyst,"Ні, не використовую","ERP, Fintech / Banking / Capital Management, Manufacturing",Сервісна (аутсорсингова),5. до 1000,10.0,"5. Вища (бакалавр, спеціаліст, магістр) - одна або декілька",4. Intermediate,Чоловік,33.0,В Україні
5/31/2024 11:39,Працюю full-time в ІТ-компанії чи ІТ-відділі,1680.0,"Analyst (Business, Data, System etc)",Junior,Business Analyst,"Ні, не використовую",Інша,Сервісна (аутсорсингова),4. до 200,1.5,"5. Вища (бакалавр, спеціаліст, магістр) - одна або декілька",5. Upper-Intermediate,Жінка,27.0,В Україні
5/31/2024 11:51,Працюю full-time в ІТ-компанії чи ІТ-відділі,3700.0,"Analyst (Business, Data, System etc)",Senior,Business Analyst,"Ні, не використовую",ERP,Продуктова,3. до 50,4.0,"5. Вища (бакалавр, спеціаліст, магістр) - одна або декілька",5. Upper-Intermediate,Чоловік,31.0,В Україні
5/31/2024 11:54,Працюю full-time в ІТ-компанії чи ІТ-відділі,3000.0,"Analyst (Business, Data, System etc)",Middle,Business Analyst,"Ні, не використовую",E-commerce,Сервісна (аутсорсингова),6. понад 1000,5.0,"5. Вища (бакалавр, спеціаліст, магістр) - одна або декілька",5. Upper-Intermediate,Жінка,26.0,В Україні
5/31/2024 12:37,Працюю full-time в ІТ-компанії чи ІТ-відділі,1710.0,"Analyst (Business, Data, System etc)",Немає тайтлу,Business Analyst,"Ні, не використовую","E-commerce, Retail",Сервісна (аутсорсингова),4. до 200,4.0,2. Середня спеціальна,5. Upper-Intermediate,Чоловік,24.0,В Україні
5/31/2024 15:08,Працюю full-time в ІТ-компанії чи ІТ-відділі,3080.0,"Analyst (Business, Data, System etc)",Middle,Business Analyst,"Так, використовую","Logistics, Medtech / Healthcare",Сервісна (аутсорсингова),5. до 1000,9.0,"5. Вища (бакалавр, спеціаліст, магістр) - одна або декілька",4. Intermediate,Чоловік,44.0,В Україні
5/31/2024 21:15,Працюю full-time в ІТ-компанії чи ІТ-відділі,3270.0,"Analyst (Business, Data, System etc)",Немає тайтлу,Business Analyst,"Ні, не використовую",Gambling,Продуктова,5. до 1000,3.0,4. Незакінчена вища,5. Upper-Intermediate,Чоловік,30.0,В Україні
5/31/2024 22:35,Працюю full-time в ІТ-компанії чи ІТ-відділі,5100.0,"Analyst (Business, Data, System etc)",Team Lead,Business Analyst,"Ні, не використовую",Fintech / Banking / Capital Management,Сервісна (аутсорсингова),5. до 1000,8.0,"5. Вища (бакалавр, спеціаліст, магістр) - одна або декілька",6. Advanced,Чоловік,40.0,В Україні
6/1/2024 0:34,Працюю full-time в ІТ-компанії чи ІТ-відділі,2600.0,"Analyst (Business, Data, System etc)",Немає тайтлу,Business Analyst,"Так, використовую","E-commerce, Fintech / Banking / Capital Management, Retail",Сервісна (аутсорсингова),5. до 1000,5.0,"5. Вища (бакалавр, спеціаліст, магістр) - одна або декілька",6. Advanced,Чоловік,39.0,В Україні
6/1/2024 12:57,Працюю full-time в ІТ-компанії чи ІТ-відділі,5000.0,"Analyst (Business, Data, System etc)",Senior,Business Analyst,"Ні, не використовую",Інша,Сервісна (аутсорсингова),6. понад 1000,15.0,"5. Вища (бакалавр, спеціаліст, магістр) - одна або декілька",5. Upper-Intermediate,Чоловік,43.0,В Україні
6/1/2024 19:34,Працюю full-time в ІТ-компанії чи ІТ-відділі,5500.0,"Analyst (Business, Data, System etc)",Senior,Business Analyst,"Так, використовую","Fintech / Banking / Capital Management, Insurance",Сервісна (аутсорсингова),6. понад 1000,15.0,"5. Вища (бакалавр, спеціаліст, магістр) - одна або декілька",6. Advanced,Жінка,42.0,В Україні
6/2/2024 10:36,Працюю full-time в ІТ-компанії чи ІТ-відділі,2300.0,"Analyst (Business, Data, System etc)",Middle,Business Analyst,"Ні, не використовую","ERP, Fintech / Banking / Capital Management, Retail",Сервісна (аутсорсингова),4. до 200,4.0,"5. Вища (бакалавр, спеціаліст, магістр) - одна або декілька",5. Upper-Intermediate,Жінка,25.0,В Україні
6/2/2024 12:42,Працюю full-time в ІТ-компанії чи ІТ-відділі,2500.0,"Analyst (Business, Data, System etc)",Middle,Business Analyst,"Ні, не використовую","Internet of Things, Media, Medtech / Healthcare",Сервісна (аутсорсингова),4. до 200,3.0,"5. Вища (бакалавр, спеціаліст, магістр) - одна або декілька",6. Advanced,Жінка,26.0,В Україні
6/2/2024 15:47,Працюю full-time в ІТ-компанії чи ІТ-відділі,470.0,"Analyst (Business, Data, System etc)",Junior,Business Analyst,"Ні, не використовую",Miltech,Державне підприємство / установа,3. до 50,1.0,4. Незакінчена вища,5. Upper-Intermediate,Жінка,20.0,В Україні
6/2/2024 16:37,Працюю full-time в ІТ-компанії чи ІТ-відділі,3600.0,"Analyst (Business, Data, System etc)",Middle,Business Analyst,"Ні, не використовую","Legal, Telecom",Продуктова,4. до 200,4.0,"5. Вища (бакалавр, спеціаліст, магістр) - одна або декілька",5. Upper-Intermediate,Чоловік,51.0,В Україні
6/2/2024 16:42,Працюю full-time в ІТ-компанії чи ІТ-відділі,1230.0,"Analyst (Business, Data, System etc)",Немає тайтлу,Business Analyst,"Ні, не використовую","E-commerce, ERP, Інша",Продуктова,5. до 1000,3.0,"5. Вища (бакалавр, спеціаліст, магістр) - одна або декілька",4. Intermediate,Чоловік,35.0,В Україні
6/2/2024 16:47,Працюю full-time в ІТ-компанії чи ІТ-відділі,3400.0,"Analyst (Business, Data, System etc)",Middle,Business Analyst,"Ні, не використовую",Інша,Сервісна (аутсорсингова),6. понад 1000,5.0,"5. Вища (бакалавр, спеціаліст, магістр) - одна або декілька",5. Upper-Intermediate,Жінка,39.0,В Україні
6/2/2024 17:40,Працюю full-time в ІТ-компанії чи ІТ-відділі,3000.0,"Analyst (Business, Data, System etc)",Senior,Business Analyst,"Так, використовую","E-commerce, ERP, Logistics",Стартап,3. до 50,13.0,"5. Вища (бакалавр, спеціаліст, магістр) - одна або декілька",3. Pre-Intermediate,Жінка,43.0,В Україні
6/2/2024 20:17,Працюю full-time в ІТ-компанії чи ІТ-відділі,2000.0,"Analyst (Business, Data, System etc)",Senior,Business Analyst,"Так, використовую",Retail,Інша,6. понад 1000,6.0,"5. Вища (бакалавр, спеціаліст, магістр) - одна або декілька",3. Pre-Intermediate,Жінка,29.0,В Україні
6/2/2024 20:36,Працюю full-time в ІТ-компанії чи ІТ-відділі,1000.0,"Analyst (Business, Data, System etc)",Junior,Business Analyst,"Так, використовую","E-commerce, Logistics",Продуктова,5. до 1000,0.1,"5. Вища (бакалавр, спеціаліст, магістр) - одна або декілька",5. Upper-Intermediate,Чоловік,26.0,В Україні
6/2/2024 23:44,Працюю full-time в ІТ-компанії чи ІТ-відділі,1850.0,"Analyst (Business, Data, System etc)",Senior,Business Analyst,"Ні, не використовую",Fintech / Banking / Capital Management,Продуктова,4. до 200,6.0,"5. Вища (бакалавр, спеціаліст, магістр) - одна або декілька",4. Intermediate,Чоловік,42.0,В Україні
6/3/2024 0:49,Працюю full-time в ІТ-компанії чи ІТ-відділі,3000.0,"Analyst (Business, Data, System etc)",Middle,Business Analyst,"Ні, не використовую",Medtech / Healthcare,Продуктова,5. до 1000,12.0,"5. Вища (бакалавр, спеціаліст, магістр) - одна або декілька",6. Advanced,Жінка,34.0,В Україні
6/3/2024 7:51,Працюю full-time в ІТ-компанії чи ІТ-відділі,2050.0,"Analyst (Business, Data, System etc)",Middle,Business Analyst,"Ні, не використовую",Edtech / Education,Сервісна (аутсорсингова),4. до 200,2.0,4. Незакінчена вища,5. Upper-Intermediate,Жінка,32.0,В Україні
6/3/2024 9:26,"Тимчасово не працюю і не шукаю роботу (sabbatical, декрет, волонтерство etc)",4300.0,"Analyst (Business, Data, System etc)",Немає тайтлу,Business Analyst,"Ні, не використовую",Insurance,Продуктова,3. до 50,3.0,"5. Вища (бакалавр, спеціаліст, магістр) - одна або декілька",5. Upper-Intermediate,Жінка,25.0,В Україні
6/3/2024 9:43,Працюю full-time в ІТ-компанії чи ІТ-відділі,4200.0,"Analyst (Business, Data, System etc)",Team Lead,Business Analyst,"Ні, не використовую",Інша,Сервісна (аутсорсингова),6. понад 1000,15.0,"5. Вища (бакалавр, спеціаліст, магістр) - одна або декілька",5. Upper-Intermediate,Жінка,40.0,В Україні
6/3/2024 9:46,Працюю full-time в ІТ-компанії чи ІТ-відділі,2100.0,"Analyst (Business, Data, System etc)",Team Lead,Business Analyst,"Ні, не використовую","Fintech / Banking / Capital Management, Media",Сервісна (аутсорсингова),4. до 200,4.0,"5. Вища (бакалавр, спеціаліст, магістр) - одна або декілька",5. Upper-Intermediate,Жінка,29.0,В Україні
6/3/2024 12:24,Працюю full-time в ІТ-компанії чи ІТ-відділі,3100.0,"Analyst (Business, Data, System etc)",Senior,Business Analyst,"Ні, не використовую","Agriculture, Automotive, Telecom",Продуктова,4. до 200,3.0,"5. Вища (бакалавр, спеціаліст, магістр) - одна або декілька",5. Upper-Intermediate,Чоловік,29.0,В Україні
6/3/2024 12:34,Працюю full-time в ІТ-компанії чи ІТ-відділі,3300.0,"Analyst (Business, Data, System etc)",Senior,Business Analyst,"Ні, не використовую",ERP,Сервісна (аутсорсингова),6. понад 1000,5.0,"5. Вища (бакалавр, спеціаліст, магістр) - одна або декілька",5. Upper-Intermediate,Жінка,27.0,В Україні
6/3/2024 13:09,Працюю full-time в ІТ-компанії чи ІТ-відділі,5500.0,"Analyst (Business, Data, System etc)",Senior,Business Analyst,"Ні, не використовую","Automotive, Geospatial, Logistics",Аутстафінгова,6. понад 1000,5.0,"5. Вища (бакалавр, спеціаліст, магістр) - одна або декілька",6. Advanced,Чоловік,34.0,В Україні
6/3/2024 13:30,Працюю full-time в ІТ-компанії чи ІТ-відділі,4500.0,"Analyst (Business, Data, System etc)",Team Lead,Business Analyst,"Ні, не використовую",Fintech / Banking / Capital Management,Продуктова,3. до 50,7.0,"5. Вища (бакалавр, спеціаліст, магістр) - одна або декілька",5. Upper-Intermediate,Чоловік,36.0,В Україні
6/3/2024 14:17,Працюю full-time в ІТ-компанії чи ІТ-відділі,1850.0,"Analyst (Business, Data, System etc)",Middle,Business Analyst,"Ні, не використовую",ERP,Сервісна (аутсорсингова),6. понад 1000,4.0,"5. Вища (бакалавр, спеціаліст, магістр) - одна або декілька",5. Upper-Intermediate,Чоловік,26.0,В Україні
6/3/2024 16:39,Працюю full-time в ІТ-компанії чи ІТ-відділі,2600.0,"Analyst (Business, Data, System etc)",Senior,Business Analyst,"Ні, не використовую",Fintech / Banking / Capital Management,Сервісна (аутсорсингова),4. до 200,13.0,"5. Вища (бакалавр, спеціаліст, магістр) - одна або декілька",4. Intermediate,Чоловік,44.0,В Україні
6/3/2024 17:07,Я фрилансер(-ка) в ІТ,1500.0,"Analyst (Business, Data, System etc)",Senior,Business Analyst,"Ні, не використовую","ERP, Fintech / Banking / Capital Management",Сервісна (аутсорсингова),4. до 200,5.0,"5. Вища (бакалавр, спеціаліст, магістр) - одна або декілька",6. Advanced,Чоловік,36.0,В Україні
6/3/2024 19:22,Працюю full-time в ІТ-компанії чи ІТ-відділі,500.0,"Analyst (Business, Data, System etc)",Middle,Business Analyst,"Ні, не використовую","ERP, Fintech / Banking / Capital Management, Robotics",Продуктова,4. до 200,4.0,"5. Вища (бакалавр, спеціаліст, магістр) - одна або декілька",3. Pre-Intermediate,Жінка,27.0,В Україні
6/3/2024 22:10,Працюю full-time в ІТ-компанії чи ІТ-відділі,1100.0,"Analyst (Business, Data, System etc)",Intern/Trainee,Business Analyst,"Ні, не використовую","Hardware, Machine Learning",Сервісна (аутсорсингова),6. понад 1000,0.5,"5. Вища (бакалавр, спеціаліст, магістр) - одна або декілька",5. Upper-Intermediate,Чоловік,27.0,В Україні
6/4/2024 9:16,Працюю full-time в ІТ-компанії чи ІТ-відділі,5000.0,"Analyst (Business, Data, System etc)",Team Lead,Business Analyst,"Ні, не використовую",Fintech / Banking / Capital Management,Аутстафінгова,5. до 1000,9.0,"6. Науковий ступінь (кандидат / доктор наук, PhD)",6. Advanced,Чоловік,32.0,В Україні
6/4/2024 10:27,Працюю full-time в ІТ-компанії чи ІТ-відділі,1000.0,"Analyst (Business, Data, System etc)",Немає тайтлу,Business Analyst,"Ні, не використовую","Business Intelligence / Data Warehouse, E-commerce, ERP",Продуктова,4. до 200,2.0,"5. Вища (бакалавр, спеціаліст, магістр) - одна або декілька",3. Pre-Intermediate,Жінка,26.0,В Україні
6/4/2024 11:14,Працюю full-time в ІТ-компанії чи ІТ-відділі,1900.0,"Analyst (Business, Data, System etc)",Manager,Business Analyst,"Ні, не використовую",Retail,Продуктова,5. до 1000,1.5,"5. Вища (бакалавр, спеціаліст, магістр) - одна або декілька",5. Upper-Intermediate,Чоловік,32.0,В Україні
6/4/2024 12:50,Працюю full-time в ІТ-компанії чи ІТ-відділі,5500.0,"Analyst (Business, Data, System etc)",Senior,Business Analyst,"Ні, не використовую",Retail,Сервісна (аутсорсингова),6. понад 1000,7.0,"5. Вища (бакалавр, спеціаліст, магістр) - одна або декілька",5. Upper-Intermediate,Жінка,32.0,В Україні
6/4/2024 21:14,Працюю full-time в ІТ-компанії чи ІТ-відділі,2500.0,"Analyst (Business, Data, System etc)",Senior,Business Analyst,"Ні, не використовую","Big Data, ERP, Internet of Things",Продуктова,5. до 1000,3.0,"5. Вища (бакалавр, спеціаліст, магістр) - одна або декілька",5. Upper-Intermediate,Чоловік,31.0,В Україні
6/4/2024 23:03,Втратив(-ла) роботу в ІТ і шукаю нову,900.0,"Analyst (Business, Data, System etc)",Junior,Business Analyst,"Ні, не використовую",Fintech / Banking / Capital Management,Продуктова,3. до 50,1.5,"5. Вища (бакалавр, спеціаліст, магістр) - одна або декілька",4. Intermediate,Жінка,26.0,В Україні
6/5/2024 8:47,Працюю full-time в ІТ-компанії чи ІТ-відділі,900.0,"Analyst (Business, Data, System etc)",Junior,Business Analyst,"Ні, не використовую",Legal,Продуктова,5. до 1000,0.5,"5. Вища (бакалавр, спеціаліст, магістр) - одна або декілька",5. Upper-Intermediate,Жінка,32.0,В Україні
6/5/2024 12:40,Працюю full-time в ІТ-компанії чи ІТ-відділі,1100.0,"Analyst (Business, Data, System etc)",Middle,Business Analyst,"Ні, не використовую",Miltech,Сервісна (аутсорсингова),6. понад 1000,2.0,"5. Вища (бакалавр, спеціаліст, магістр) - одна або декілька",6. Advanced,Чоловік,50.0,В Україні
6/5/2024 16:50,Працюю full-time в ІТ-компанії чи ІТ-відділі,2400.0,"Analyst (Business, Data, System etc)",Middle,Business Analyst,"Ні, не використовую",Інша,Сервісна (аутсорсингова),6. понад 1000,5.0,"5. Вища (бакалавр, спеціаліст, магістр) - одна або декілька",5. Upper-Intermediate,Жінка,48.0,В Україні
6/5/2024 18:43,Працюю full-time в ІТ-компанії чи ІТ-відділі,2350.0,"Analyst (Business, Data, System etc)",Middle,Business Analyst,"Ні, не використовую",Інша,Сервісна (аутсорсингова),5. до 1000,5.0,"5. Вища (бакалавр, спеціаліст, магістр) - одна або декілька",5. Upper-Intermediate,Чоловік,32.0,В Україні
6/6/2024 13:02,Втратив(-ла) роботу в ІТ і шукаю нову,3000.0,"Analyst (Business, Data, System etc)",Senior,Business Analyst,"Ні, не використовую",Інша,Аутстафінгова,6. понад 1000,6.0,"5. Вища (бакалавр, спеціаліст, магістр) - одна або декілька",6. Advanced,Жінка,37.0,В Україні
6/6/2024 13:28,Працюю full-time в ІТ-компанії чи ІТ-відділі,2900.0,"Analyst (Business, Data, System etc)",Senior,Business Analyst,"Так, використовую","Big Data, Business Intelligence / Data Warehouse, Data Science",Сервісна (аутсорсингова),4. до 200,3.0,"5. Вища (бакалавр, спеціаліст, магістр) - одна або декілька",6. Advanced,Чоловік,33.0,В Україні
6/6/2024 14:46,Працюю full-time в ІТ-компанії чи ІТ-відділі,1000.0,"Analyst (Business, Data, System etc)",Junior,Business Analyst,"Ні, не використовую",Інша,Продуктова,3. до 50,0.5,"5. Вища (бакалавр, спеціаліст, магістр) - одна або декілька",4. Intermediate,Жінка,28.0,В Україні
6/6/2024 15:03,Працюю full-time в ІТ-компанії чи ІТ-відділі,1800.0,"Analyst (Business, Data, System etc)",Middle,Business Analyst,"Ні, не використовую","Logistics, Manufacturing, Travel",Продуктова,5. до 1000,3.0,"5. Вища (бакалавр, спеціаліст, магістр) - одна або декілька",5. Upper-Intermediate,Чоловік,28.0,В Україні
6/6/2024 17:15,Працюю full-time в ІТ-компанії чи ІТ-відділі,1950.0,"Analyst (Business, Data, System etc)",Немає тайтлу,Business Analyst,"Ні, не використовую",Adtech / Advertising,Продуктова,4. до 200,1.0,"5. Вища (бакалавр, спеціаліст, магістр) - одна або декілька",4. Intermediate,Чоловік,31.0,В Україні
6/6/2024 20:25,Працюю full-time в ІТ-компанії чи ІТ-відділі,1750.0,"Analyst (Business, Data, System etc)",Middle,Business Analyst,"Ні, не використовую","Logistics, Manufacturing",Продуктова,5. до 1000,3.0,"5. Вища (бакалавр, спеціаліст, магістр) - одна або декілька",5. Upper-Intermediate,Чоловік,25.0,В Україні
6/7/2024 11:35,Працюю full-time в ІТ-компанії чи ІТ-відділі,2200.0,"Analyst (Business, Data, System etc)",Middle,Business Analyst,"Ні, не використовую",Інша,Сервісна (аутсорсингова),6. понад 1000,3.0,"5. Вища (бакалавр, спеціаліст, магістр) - одна або декілька",6. Advanced,Чоловік,22.0,В Україні
6/7/2024 14:23,Працюю full-time в ІТ-компанії чи ІТ-відділі,1200.0,"Analyst (Business, Data, System etc)",Немає тайтлу,Business Analyst,"Ні, не використовую","Logistics, Media, Mobile",Продуктова,5. до 1000,0.25,4. Незакінчена вища,4. Intermediate,Жінка,24.0,В Україні
6/7/2024 14:32,Працюю full-time в ІТ-компанії чи ІТ-відділі,2600.0,"Analyst (Business, Data, System etc)",Middle,Business Analyst,"Ні, не використовую","Blockchain, E-commerce, Fintech / Banking / Capital Management",Сервісна (аутсорсингова),4. до 200,3.0,"5. Вища (бакалавр, спеціаліст, магістр) - одна або декілька",5. Upper-Intermediate,Чоловік,25.0,В Україні
6/7/2024 14:37,Працюю full-time в ІТ-компанії чи ІТ-відділі,3650.0,"Analyst (Business, Data, System etc)",Middle,Business Analyst,"Ні, не використовую",Edtech / Education,Сервісна (аутсорсингова),6. понад 1000,10.0,"5. Вища (бакалавр, спеціаліст, магістр) - одна або декілька",5. Upper-Intermediate,Жінка,45.0,В Україні
6/7/2024 14:42,Працюю full-time в ІТ-компанії чи ІТ-відділі,2300.0,"Analyst (Business, Data, System etc)",Middle,Business Analyst,"Ні, не використовую","E-commerce, Logistics, Mobile",Сервісна (аутсорсингова),3. до 50,3.0,"5. Вища (бакалавр, спеціаліст, магістр) - одна або декілька",5. Upper-Intermediate,Чоловік,26.0,В Україні
6/7/2024 14:49,Працюю part-time в ІТ-компанії чи ІТ-відділі,3500.0,"Analyst (Business, Data, System etc)",Senior,Business Analyst,"Так, використовую","ERP, Logistics, Medtech / Healthcare",Сервісна (аутсорсингова),3. до 50,8.0,"5. Вища (бакалавр, спеціаліст, магістр) - одна або декілька",6. Advanced,Чоловік,42.0,В Україні
6/7/2024 15:31,Працюю full-time в ІТ-компанії чи ІТ-відділі,3800.0,"Analyst (Business, Data, System etc)",Senior,Business Analyst,"Ні, не використовую",Insurance,Аутстафінгова,6. понад 1000,5.0,"5. Вища (бакалавр, спеціаліст, магістр) - одна або декілька",5. Upper-Intermediate,Жінка,33.0,В Україні
6/7/2024 15:44,Працюю full-time в ІТ-компанії чи ІТ-відділі,3800.0,"Analyst (Business, Data, System etc)",Senior,Business Analyst,"Ні, не використовую",E-commerce,Сервісна (аутсорсингова),5. до 1000,4.0,"5. Вища (бакалавр, спеціаліст, магістр) - одна або декілька",5. Upper-Intermediate,Жінка,31.0,В Україні
6/7/2024 15:46,Працюю full-time в ІТ-компанії чи ІТ-відділі,2600.0,"Analyst (Business, Data, System etc)",Middle,Business Analyst,"Ні, не використовую","E-commerce, Edtech / Education, Retail",Сервісна (аутсорсингова),4. до 200,3.0,"5. Вища (бакалавр, спеціаліст, магістр) - одна або декілька",6. Advanced,Жінка,33.0,В Україні
6/7/2024 15:57,Працюю full-time в ІТ-компанії чи ІТ-відділі,1640.0,"Analyst (Business, Data, System etc)",Junior,Business Analyst,"Ні, не використовую","Big Data, Retail",Сервісна (аутсорсингова),6. понад 1000,2.0,"5. Вища (бакалавр, спеціаліст, магістр) - одна або декілька",5. Upper-Intermediate,Жінка,35.0,В Україні
6/7/2024 16:21,Працюю full-time в ІТ-компанії чи ІТ-відділі,1000.0,"Analyst (Business, Data, System etc)",Junior,Business Analyst,"Ні, не використовую","E-commerce, ERP, Logistics",Продуктова,6. понад 1000,1.0,"5. Вища (бакалавр, спеціаліст, магістр) - одна або декілька",4. Intermediate,Жінка,23.0,В Україні
6/7/2024 18:31,Працюю full-time в ІТ-компанії чи ІТ-відділі,2375.0,"Analyst (Business, Data, System etc)",Middle,Business Analyst,"Ні, не використовую",Fintech / Banking / Capital Management,Сервісна (аутсорсингова),4. до 200,3.0,3. Ще студент вишу,6. Advanced,Жінка,21.0,В Україні
6/7/2024 18:36,Працюю full-time в ІТ-компанії чи ІТ-відділі,1600.0,"Analyst (Business, Data, System etc)",Немає тайтлу,Business Analyst,"Так, використовую",Data Science,Продуктова,3. до 50,2.0,"5. Вища (бакалавр, спеціаліст, магістр) - одна або декілька",6. Advanced,Жінка,32.0,В Україні
6/7/2024 19:01,Працюю full-time в ІТ-компанії чи ІТ-відділі,1600.0,"Analyst (Business, Data, System etc)",Middle,Business Analyst,"Ні, не використовую",GameDev,Продуктова,5. до 1000,2.0,"5. Вища (бакалавр, спеціаліст, магістр) - одна або декілька",5. Upper-Intermediate,Жінка,39.0,Планують повернутися
6/7/2024 19:55,Працюю full-time в ІТ-компанії чи ІТ-відділі,1000.0,"Analyst (Business, Data, System etc)",Немає тайтлу,Business Analyst,"Ні, не використовую",ERP,Продуктова,3. до 50,2.0,"5. Вища (бакалавр, спеціаліст, магістр) - одна або декілька",6. Advanced,Чоловік,29.0,В Україні
6/7/2024 20:31,Працюю full-time в ІТ-компанії чи ІТ-відділі,1800.0,"Analyst (Business, Data, System etc)",Middle,Business Analyst,"Ні, не використовую","E-commerce, Fintech / Banking / Capital Management, Logistics",Сервісна (аутсорсингова),6. понад 1000,4.0,"5. Вища (бакалавр, спеціаліст, магістр) - одна або декілька",4. Intermediate,Жінка,38.0,В Україні
6/7/2024 21:03,Працюю full-time в ІТ-компанії чи ІТ-відділі,1700.0,"Analyst (Business, Data, System etc)",Middle,Business Analyst,"Ні, не використовую",Medtech / Healthcare,Сервісна (аутсорсингова),5. до 1000,2.0,"5. Вища (бакалавр, спеціаліст, магістр) - одна або декілька",6. Advanced,Чоловік,25.0,В Україні
6/7/2024 22:19,Працюю full-time в ІТ-компанії чи ІТ-відділі,4000.0,"Analyst (Business, Data, System etc)",Team Lead,Business Analyst,"Ні, не використовую",Fintech / Banking / Capital Management,Сервісна (аутсорсингова),6. понад 1000,10.0,"6. Науковий ступінь (кандидат / доктор наук, PhD)",5. Upper-Intermediate,Чоловік,43.0,В Україні
6/7/2024 23:01,Працюю part-time в ІТ-компанії чи ІТ-відділі,3000.0,"Analyst (Business, Data, System etc)",Senior,Business Analyst,"Так, використовую","Agriculture, Medtech / Healthcare, Public services / Government",Продуктова,1. Лише я / фріланс,5.0,"5. Вища (бакалавр, спеціаліст, магістр) - одна або декілька",6. Advanced,Жінка,26.0,В Україні
6/8/2024 7:44,Я фрилансер(-ка) в ІТ,2000.0,"Analyst (Business, Data, System etc)",Middle,Business Analyst,"Ні, не використовую","Media, Mobile",Аутстафінгова,4. до 200,6.0,"5. Вища (бакалавр, спеціаліст, магістр) - одна або декілька",6. Advanced,Жінка,35.0,В Україні
6/8/2024 12:53,Працюю full-time в ІТ-компанії чи ІТ-відділі,1951.0,"Analyst (Business, Data, System etc)",Middle,Business Analyst,"Так, використовую","Business Intelligence / Data Warehouse, Mobile, Real estate",Продуктова,2. до 10 спеціалістів,1.5,1. Середня,3. Pre-Intermediate,Жінка,19.0,В Україні
6/8/2024 17:26,Працюю full-time в ІТ-компанії чи ІТ-відділі,2384.0,"Analyst (Business, Data, System etc)",Немає тайтлу,Business Analyst,"Так, використовую",Medtech / Healthcare,Продуктова,4. до 200,4.0,"5. Вища (бакалавр, спеціаліст, магістр) - одна або декілька",6. Advanced,Чоловік,29.0,В Україні
6/8/2024 23:20,Працюю full-time в ІТ-компанії чи ІТ-відділі,1870.0,"Analyst (Business, Data, System etc)",Немає тайтлу,Business Analyst,"Ні, не використовую","ERP, Manufacturing, Real estate",Сервісна (аутсорсингова),4. до 200,2.0,"5. Вища (бакалавр, спеціаліст, магістр) - одна або декілька",5. Upper-Intermediate,Чоловік,27.0,В Україні
6/9/2024 8:43,Працюю full-time в ІТ-компанії чи ІТ-відділі,4800.0,"Analyst (Business, Data, System etc)",Team Lead,Business Analyst,"Ні, не використовую",Retail,Продуктова,5. до 1000,7.0,"5. Вища (бакалавр, спеціаліст, магістр) - одна або декілька",5. Upper-Intermediate,Чоловік,40.0,В Україні
6/9/2024 16:42,Працюю full-time в ІТ-компанії чи ІТ-відділі,3300.0,"Analyst (Business, Data, System etc)",Senior,Business Analyst,"Ні, не використовую","E-commerce, Retail",Продуктова,5. до 1000,5.0,"5. Вища (бакалавр, спеціаліст, магістр) - одна або декілька",3. Pre-Intermediate,Чоловік,34.0,В Україні
6/9/2024 18:26,Працюю full-time в ІТ-компанії чи ІТ-відділі,2300.0,"Analyst (Business, Data, System etc)",Junior,Business Analyst,"Ні, не використовую",E-commerce,Продуктова,5. до 1000,1.5,"5. Вища (бакалавр, спеціаліст, магістр) - одна або декілька",5. Upper-Intermediate,Жінка,33.0,В Україні
6/10/2024 10:27,Працюю full-time в ІТ-компанії чи ІТ-відділі,3000.0,"Analyst (Business, Data, System etc)",Senior,Business Analyst,"Ні, не використовую","Data Science, Machine Learning",Продуктова,6. понад 1000,8.0,"5. Вища (бакалавр, спеціаліст, магістр) - одна або декілька",3. Pre-Intermediate,Жінка,37.0,В Україні
6/10/2024 11:01,Працюю full-time в ІТ-компанії чи ІТ-відділі,2000.0,"Analyst (Business, Data, System etc)",Middle,Business Analyst,"Ні, не використовую","Gambling, Media",Сервісна (аутсорсингова),6. понад 1000,2.0,3. Ще студент вишу,5. Upper-Intermediate,Чоловік,20.0,В Україні
6/10/2024 14:47,Працюю full-time в ІТ-компанії чи ІТ-відділі,3200.0,"Analyst (Business, Data, System etc)",Немає тайтлу,Business Analyst,"Так, використовую","ERP, Medtech / Healthcare",Сервісна (аутсорсингова),4. до 200,5.0,"5. Вища (бакалавр, спеціаліст, магістр) - одна або декілька",5. Upper-Intermediate,Чоловік,36.0,В Україні
6/10/2024 18:06,Працюю full-time в ІТ-компанії чи ІТ-відділі,2455.0,"Analyst (Business, Data, System etc)",Middle,Business Analyst,"Ні, не використовую",E-commerce,Продуктова,5. до 1000,1.0,"5. Вища (бакалавр, спеціаліст, магістр) - одна або декілька",4. Intermediate,Чоловік,34.0,В Україні
6/10/2024 18:29,Працюю full-time в ІТ-компанії чи ІТ-відділі,2250.0,"Analyst (Business, Data, System etc)",Middle,Business Analyst,"Ні, не використовую","E-commerce, Medtech / Healthcare",Сервісна (аутсорсингова),5. до 1000,4.0,"5. Вища (бакалавр, спеціаліст, магістр) - одна або декілька",5. Upper-Intermediate,Жінка,32.0,В Україні
6/10/2024 19:09,Працюю full-time в ІТ-компанії чи ІТ-відділі,4000.0,"Analyst (Business, Data, System etc)",Senior,Business Analyst,"Ні, не використовую",Fintech / Banking / Capital Management,Стартап,3. до 50,10.0,"5. Вища (бакалавр, спеціаліст, магістр) - одна або декілька",6. Advanced,Чоловік,32.0,В Україні
6/11/2024 10:09,Втратив(-ла) роботу в ІТ і шукаю нову,3200.0,"Analyst (Business, Data, System etc)",Senior,Business Analyst,"Ні, не використовую","Internet of Things, Mobile",Продуктова,3. до 50,4.0,"5. Вища (бакалавр, спеціаліст, магістр) - одна або декілька",6. Advanced,Чоловік,29.0,В Україні
6/11/2024 12:00,Працюю full-time в ІТ-компанії чи ІТ-відділі,4500.0,"Analyst (Business, Data, System etc)",Senior,Business Analyst,"Ні, не використовую",Fintech / Banking / Capital Management,Сервісна (аутсорсингова),6. понад 1000,6.0,"5. Вища (бакалавр, спеціаліст, магістр) - одна або декілька",5. Upper-Intermediate,Чоловік,34.0,В Україні
6/11/2024 16:18,Працюю full-time в ІТ-компанії чи ІТ-відділі,4500.0,"Analyst (Business, Data, System etc)",Head,Business Analyst,"Так, використовую",Fintech / Banking / Capital Management,Сервісна (аутсорсингова),4. до 200,12.0,"5. Вища (бакалавр, спеціаліст, магістр) - одна або декілька",6. Advanced,Чоловік,38.0,В Україні
6/11/2024 21:44,Працюю full-time в ІТ-компанії чи ІТ-відділі,1675.0,"Analyst (Business, Data, System etc)",Middle,Business Analyst,"Ні, не використовую","ERP, Insurance",Сервісна (аутсорсингова),5. до 1000,4.0,"5. Вища (бакалавр, спеціаліст, магістр) - одна або декілька",2. Elementary,Чоловік,42.0,В Україні
6/12/2024 9:29,Працюю full-time в ІТ-компанії чи ІТ-відділі,2500.0,"Analyst (Business, Data, System etc)",Middle,Business Analyst,"Ні, не використовую",Insurance,Продуктова,4. до 200,5.0,"5. Вища (бакалавр, спеціаліст, магістр) - одна або декілька",5. Upper-Intermediate,Жінка,26.0,В Україні
6/12/2024 11:35,Працюю full-time в ІТ-компанії чи ІТ-відділі,1700.0,"Analyst (Business, Data, System etc)",Middle,Business Analyst,"Ні, не використовую",Medtech / Healthcare,Сервісна (аутсорсингова),4. до 200,2.0,"5. Вища (бакалавр, спеціаліст, магістр) - одна або декілька",6. Advanced,Жінка,24.0,В Україні
6/12/2024 16:12,Працюю full-time в ІТ-компанії чи ІТ-відділі,4100.0,"Analyst (Business, Data, System etc)",Senior,Business Analyst,"Ні, не використовую",Retail,Сервісна (аутсорсингова),6. понад 1000,1.5,"5. Вища (бакалавр, спеціаліст, магістр) - одна або декілька",6. Advanced,Чоловік,32.0,В Україні
6/12/2024 18:31,Працюю full-time в ІТ-компанії чи ІТ-відділі,2000.0,"Analyst (Business, Data, System etc)",Middle,Business Analyst,"Так, використовую",E-commerce,Продуктова,5. до 1000,3.0,"5. Вища (бакалавр, спеціаліст, магістр) - одна або декілька",5. Upper-Intermediate,Жінка,26.0,В Україні
6/12/2024 18:48,Працюю full-time в ІТ-компанії чи ІТ-відділі,4500.0,"Analyst (Business, Data, System etc)",Team Lead,Business Analyst,"Ні, не використовую",Fintech / Banking / Capital Management,Сервісна (аутсорсингова),6. понад 1000,5.0,"5. Вища (бакалавр, спеціаліст, магістр) - одна або декілька",6. Advanced,Жінка,44.0,В Україні
6/12/2024 22:11,Працюю full-time в ІТ-компанії чи ІТ-відділі,4100.0,"Analyst (Business, Data, System etc)",Senior,Business Analyst,"Ні, не використовую",Travel,Аутстафінгова,5. до 1000,6.0,"5. Вища (бакалавр, спеціаліст, магістр) - одна або декілька",5. Upper-Intermediate,Чоловік,37.0,В Україні
6/13/2024 15:41,Працюю full-time в ІТ-компанії чи ІТ-відділі,712.0,"Analyst (Business, Data, System etc)",Немає тайтлу,Business Analyst,"Ні, не використовую",Fintech / Banking / Capital Management,Інша,5. до 1000,0.1,"5. Вища (бакалавр, спеціаліст, магістр) - одна або декілька",3. Pre-Intermediate,Жінка,34.0,В Україні
6/14/2024 13:37,Працюю full-time в ІТ-компанії чи ІТ-відділі,5000.0,"Analyst (Business, Data, System etc)",Team Lead,Business Analyst,"Так, використовую","Agriculture, E-commerce, Fintech / Banking / Capital Management",Сервісна (аутсорсингова),4. до 200,15.0,"5. Вища (бакалавр, спеціаліст, магістр) - одна або декілька",6. Advanced,Чоловік,42.0,В Україні
6/14/2024 15:18,Працюю full-time в ІТ-компанії чи ІТ-відділі,5750.0,"Analyst (Business, Data, System etc)",Head,Business Analyst,"Ні, не використовую","Fintech / Banking / Capital Management, Insurance, Інша",Сервісна (аутсорсингова),6. понад 1000,10.0,"5. Вища (бакалавр, спеціаліст, магістр) - одна або декілька",6. Advanced,Чоловік,35.0,В Україні
6/14/2024 19:42,Працюю full-time в ІТ-компанії чи ІТ-відділі,4000.0,"Analyst (Business, Data, System etc)",Senior,Business Analyst,"Так, використовую",Gambling,Продуктова,5. до 1000,9.0,"5. Вища (бакалавр, спеціаліст, магістр) - одна або декілька",5. Upper-Intermediate,Жінка,30.0,В Україні
6/14/2024 20:02,Працюю full-time в ІТ-компанії чи ІТ-відділі,4500.0,"Analyst (Business, Data, System etc)",Team Lead,Business Analyst,"Ні, не використовую",Public services / Government,Сервісна (аутсорсингова),6. понад 1000,15.0,"5. Вища (бакалавр, спеціаліст, магістр) - одна або декілька",5. Upper-Intermediate,Чоловік,38.0,В Україні
6/14/2024 22:52,Працюю full-time в ІТ-компанії чи ІТ-відділі,1650.0,"Analyst (Business, Data, System etc)",Немає тайтлу,Business Analyst,"Ні, не використовую","Geospatial, Insurance, Real estate",Сервісна (аутсорсингова),3. до 50,1.5,"5. Вища (бакалавр, спеціаліст, магістр) - одна або декілька",5. Upper-Intermediate,Жінка,23.0,В Україні
6/15/2024 10:54,Працюю part-time в ІТ-компанії чи ІТ-відділі,1100.0,"Analyst (Business, Data, System etc)",Middle,Business Analyst,"Ні, не використовую",Telecom,Продуктова,6. понад 1000,4.0,"5. Вища (бакалавр, спеціаліст, магістр) - одна або декілька",4. Intermediate,Жінка,30.0,В Україні
6/16/2024 21:28,Працюю full-time в ІТ-компанії чи ІТ-відділі,2500.0,"Analyst (Business, Data, System etc)",Senior,Business Analyst,"Так, використовую",ERP,Інша,3. до 50,4.0,"5. Вища (бакалавр, спеціаліст, магістр) - одна або декілька",2. Elementary,Жінка,38.0,В Україні
6/17/2024 9:49,Працюю full-time в ІТ-компанії чи ІТ-відділі,2900.0,"Analyst (Business, Data, System etc)",Middle,Business Analyst,"Ні, не використовую","E-commerce, Security",Продуктова,6. понад 1000,1.5,"5. Вища (бакалавр, спеціаліст, магістр) - одна або декілька",5. Upper-Intermediate,Чоловік,30.0,В Україні
6/17/2024 14:23,Працюю full-time в ІТ-компанії чи ІТ-відділі,1000.0,"Analyst (Business, Data, System etc)",Middle,Business Analyst,"Так, використовую","Automotive, E-commerce, ERP",Продуктова,6. понад 1000,4.0,"5. Вища (бакалавр, спеціаліст, магістр) - одна або декілька",4. Intermediate,Чоловік,28.0,В Україні
6/17/2024 15:26,Працюю full-time в ІТ-компанії чи ІТ-відділі,3300.0,"Analyst (Business, Data, System etc)",Senior,Business Analyst,"Ні, не використовую",E-commerce,Сервісна (аутсорсингова),6. понад 1000,6.0,"5. Вища (бакалавр, спеціаліст, магістр) - одна або декілька",6. Advanced,Жінка,36.0,В Україні
6/17/2024 15:55,Працюю full-time в ІТ-компанії чи ІТ-відділі,1950.0,"Analyst (Business, Data, System etc)",Middle,Business Analyst,"Ні, не використовую","Edtech / Education, Medtech / Healthcare",Сервісна (аутсорсингова),4. до 200,2.0,"5. Вища (бакалавр, спеціаліст, магістр) - одна або декілька",6. Advanced,Жінка,29.0,В Україні
6/17/2024 16:22,Працюю full-time в ІТ-компанії чи ІТ-відділі,2350.0,"Analyst (Business, Data, System etc)",Middle,Business Analyst,"Ні, не використовую",ERP,Продуктова,5. до 1000,6.0,"5. Вища (бакалавр, спеціаліст, магістр) - одна або декілька",3. Pre-Intermediate,Чоловік,30.0,В Україні
6/17/2024 21:22,Працюю full-time в ІТ-компанії чи ІТ-відділі,500.0,"Analyst (Business, Data, System etc)",Middle,Business Analyst,"Ні, не використовую",Travel,Продуктова,4. до 200,6.0,"5. Вища (бакалавр, спеціаліст, магістр) - одна або декілька",3. Pre-Intermediate,Чоловік,32.0,В Україні
6/18/2024 8:01,Працюю full-time в ІТ-компанії чи ІТ-відділі,1600.0,"Analyst (Business, Data, System etc)",Middle,Business Analyst,"Ні, не використовую","AR/VR, Gambling, GameDev",Сервісна (аутсорсингова),3. до 50,2.0,"5. Вища (бакалавр, спеціаліст, магістр) - одна або декілька",5. Upper-Intermediate,Жінка,33.0,В Україні
6/18/2024 10:44,Працюю full-time в ІТ-компанії чи ІТ-відділі,700.0,"Analyst (Business, Data, System etc)",Junior,Business Analyst,"Ні, не використовую","Blockchain, Fintech / Banking / Capital Management, Mobile",Сервісна (аутсорсингова),4. до 200,0.5,"5. Вища (бакалавр, спеціаліст, магістр) - одна або декілька",6. Advanced,Жінка,22.0,В Україні
6/18/2024 13:12,Працюю full-time в ІТ-компанії чи ІТ-відділі,5000.0,"Analyst (Business, Data, System etc)",Team Lead,Business Analyst,"Ні, не використовую",Automotive,Сервісна (аутсорсингова),6. понад 1000,7.0,"5. Вища (бакалавр, спеціаліст, магістр) - одна або декілька",6. Advanced,Чоловік,31.0,В Україні
6/18/2024 14:03,Працюю full-time в ІТ-компанії чи ІТ-відділі,6000.0,"Analyst (Business, Data, System etc)",Senior,Business Analyst,"Так, використовую",Fintech / Banking / Capital Management,Сервісна (аутсорсингова),6. понад 1000,15.0,1. Середня,6. Advanced,Чоловік,51.0,В Україні
6/18/2024 18:58,Працюю full-time в ІТ-компанії чи ІТ-відділі,4000.0,"Analyst (Business, Data, System etc)",Tech Lead,Business Analyst,"Ні, не використовую","E-commerce, Edtech / Education, Medtech / Healthcare",Сервісна (аутсорсингова),4. до 200,10.0,"5. Вища (бакалавр, спеціаліст, магістр) - одна або декілька",6. Advanced,Жінка,39.0,В Україні
6/18/2024 20:02,Працюю full-time в ІТ-компанії чи ІТ-відділі,2200.0,"Analyst (Business, Data, System etc)",Middle,Business Analyst,"Ні, не використовую",Mobile,Продуктова,5. до 1000,4.0,"5. Вища (бакалавр, спеціаліст, магістр) - одна або декілька",4. Intermediate,Жінка,28.0,В Україні
6/19/2024 15:41,Працюю full-time в ІТ-компанії чи ІТ-відділі,1900.0,"Analyst (Business, Data, System etc)",Junior,Business Analyst,"Ні, не використовую","Cloud Computing, Security",Сервісна (аутсорсингова),5. до 1000,3.0,"5. Вища (бакалавр, спеціаліст, магістр) - одна або декілька",5. Upper-Intermediate,Жінка,31.0,В Україні
6/19/2024 18:16,Працюю full-time в ІТ-компанії чи ІТ-відділі,7000.0,"Analyst (Business, Data, System etc)",Senior,Business Analyst,"Ні, не використовую","Blockchain, Fintech / Banking / Capital Management",Продуктова,4. до 200,7.0,"5. Вища (бакалавр, спеціаліст, магістр) - одна або декілька",6. Advanced,Чоловік,36.0,Планують повернутися
6/19/2024 20:45,Працюю full-time в ІТ-компанії чи ІТ-відділі,750.0,"Analyst (Business, Data, System etc)",Middle,Business Analyst,"Ні, не використовую",Mobile,Державне підприємство / установа,6. понад 1000,3.0,"5. Вища (бакалавр, спеціаліст, магістр) - одна або декілька",3. Pre-Intermediate,Чоловік,33.0,В Україні
6/20/2024 14:42,Працюю full-time в ІТ-компанії чи ІТ-відділі,4200.0,"Analyst (Business, Data, System etc)",Middle,Business Analyst,"Ні, не використовую","Dating, Mobile, Public services / Government",Сервісна (аутсорсингова),6. понад 1000,3.0,"5. Вища (бакалавр, спеціаліст, магістр) - одна або декілька",5. Upper-Intermediate,Чоловік,30.0,В Україні
6/20/2024 15:16,Працюю full-time в ІТ-компанії чи ІТ-відділі,4000.0,"Analyst (Business, Data, System etc)",Senior,Business Analyst,"Ні, не використовую",Fintech / Banking / Capital Management,Продуктова,4. до 200,8.0,"5. Вища (бакалавр, спеціаліст, магістр) - одна або декілька",5. Upper-Intermediate,Чоловік,35.0,В Україні
6/20/2024 16:38,Працюю full-time в ІТ-компанії чи ІТ-відділі,3000.0,"Analyst (Business, Data, System etc)",Senior,Business Analyst,"Ні, не використовую",Інша,Інша,6. понад 1000,9.0,"5. Вища (бакалавр, спеціаліст, магістр) - одна або декілька",4. Intermediate,Жінка,31.0,В Україні
6/21/2024 10:21,Працюю full-time в ІТ-компанії чи ІТ-відділі,1125.0,"Analyst (Business, Data, System etc)",Немає тайтлу,Business Analyst,"Ні, не використовую",Manufacturing,Продуктова,4. до 200,6.0,2. Середня спеціальна,2. Elementary,Чоловік,41.0,В Україні
6/21/2024 13:52,Працюю full-time в ІТ-компанії чи ІТ-відділі,2400.0,"Analyst (Business, Data, System etc)",Senior,Business Analyst,"Ні, не використовую",ERP,Продуктова,5. до 1000,3.0,"5. Вища (бакалавр, спеціаліст, магістр) - одна або декілька",5. Upper-Intermediate,Жінка,39.0,В Україні
6/21/2024 15:40,Працюю full-time в ІТ-компанії чи ІТ-відділі,4500.0,"Analyst (Business, Data, System etc)",Senior,Business Analyst,"Ні, не використовую",Business Intelligence / Data Warehouse,Сервісна (аутсорсингова),6. понад 1000,6.0,"5. Вища (бакалавр, спеціаліст, магістр) - одна або декілька",6. Advanced,Жінка,36.0,Планують повернутися
6/21/2024 20:46,Працюю full-time в ІТ-компанії чи ІТ-відділі,3000.0,"Analyst (Business, Data, System etc)",Middle,Business Analyst,"Ні, не використовую",Manufacturing,Сервісна (аутсорсингова),4. до 200,3.0,"5. Вища (бакалавр, спеціаліст, магістр) - одна або декілька",6. Advanced,Жінка,26.0,В Україні
6/21/2024 22:34,Працюю full-time в ІТ-компанії чи ІТ-відділі,3000.0,"Analyst (Business, Data, System etc)",Middle,Business Analyst,"Ні, не використовую","Medtech / Healthcare, Real estate",Сервісна (аутсорсингова),6. понад 1000,5.0,"5. Вища (бакалавр, спеціаліст, магістр) - одна або декілька",6. Advanced,Жінка,32.0,В Україні
6/22/2024 12:54,Працюю full-time в ІТ-компанії чи ІТ-відділі,1115.0,"Analyst (Business, Data, System etc)",Intern/Trainee,Business Analyst,"Ні, не використовую",E-commerce,Продуктова,4. до 200,1.5,"5. Вища (бакалавр, спеціаліст, магістр) - одна або декілька",3. Pre-Intermediate,Жінка,25.0,В Україні
6/22/2024 15:12,Працюю full-time в ІТ-компанії чи ІТ-відділі,1855.0,"Analyst (Business, Data, System etc)",Middle,Business Analyst,"Ні, не використовую",Telecom,Продуктова,5. до 1000,3.0,"5. Вища (бакалавр, спеціаліст, магістр) - одна або декілька",5. Upper-Intermediate,Жінка,29.0,В Україні
6/22/2024 19:10,Працюю full-time в ІТ-компанії чи ІТ-відділі,4000.0,"Analyst (Business, Data, System etc)",Tech Lead,Business Analyst,"Ні, не використовую",Інша,Сервісна (аутсорсингова),4. до 200,10.0,"5. Вища (бакалавр, спеціаліст, магістр) - одна або декілька",5. Upper-Intermediate,Чоловік,38.0,В Україні
6/23/2024 3:05,Втратив(-ла) роботу в ІТ і шукаю нову,3800.0,"Analyst (Business, Data, System etc)",Senior,Business Analyst,"Ні, не використовую",Travel,Сервісна (аутсорсингова),6. понад 1000,6.0,"5. Вища (бакалавр, спеціаліст, магістр) - одна або декілька",6. Advanced,Чоловік,36.0,В Україні
6/23/2024 17:43,Працюю full-time в ІТ-компанії чи ІТ-відділі,1700.0,"Analyst (Business, Data, System etc)",Немає тайтлу,Business Analyst,"Ні, не використовую","Adtech / Advertising, Media, Інша",Продуктова,3. до 50,5.0,"5. Вища (бакалавр, спеціаліст, магістр) - одна або декілька",4. Intermediate,Жінка,28.0,В Україні
6/24/2024 7:35,Працюю full-time в ІТ-компанії чи ІТ-відділі,2800.0,"Analyst (Business, Data, System etc)",Middle,Business Analyst,"Ні, не використовую",Gambling,Продуктова,5. до 1000,4.0,"5. Вища (бакалавр, спеціаліст, магістр) - одна або декілька",6. Advanced,Жінка,27.0,В Україні
6/24/2024 16:39,Працюю full-time в ІТ-компанії чи ІТ-відділі,2700.0,"Analyst (Business, Data, System etc)",Middle,Business Analyst,"Ні, не використовую","Blockchain, Fintech / Banking / Capital Management",Сервісна (аутсорсингова),6. понад 1000,2.0,"5. Вища (бакалавр, спеціаліст, магістр) - одна або декілька",5. Upper-Intermediate,Чоловік,24.0,В Україні
6/24/2024 17:01,Працюю full-time в ІТ-компанії чи ІТ-відділі,500.0,"Analyst (Business, Data, System etc)",Intern/Trainee,Business Analyst,"Ні, не використовую",Logistics,Сервісна (аутсорсингова),4. до 200,0.5,3. Ще студент вишу,4. Intermediate,Чоловік,20.0,В Україні
6/24/2024 19:52,Працюю full-time в ІТ-компанії чи ІТ-відділі,2500.0,"Analyst (Business, Data, System etc)",Senior,Business Analyst,"Ні, не використовую","Automotive, Fintech / Banking / Capital Management",Сервісна (аутсорсингова),6. понад 1000,6.0,"5. Вища (бакалавр, спеціаліст, магістр) - одна або декілька",5. Upper-Intermediate,Чоловік,36.0,В Україні
