Period,Position,Seniority,Global_exp,Local_exp,Salary
2019_H1,Data Analyst,,10 и более лет,0.5,4300
2019_H1,Data Analyst,,1,0.5,1000
2019_H1,Data Analyst,,1.5,0.5,700
2019_H1,Data Analyst,,0.25,0.25,600
2019_H1,Data Analyst,,2,0.5,850
2019_H1,Data Analyst,,3,3,3000
2019_H1,Data Analyst,,0.5,0.5,950
2019_H1,Data Analyst,,2,0.25,900
2019_H1,Data Analyst,,1.5,1.5,600
2019_H1,Data Analyst,,6,6,2300
2019_H1,Data Analyst,,0.5,0.5,450
2019_H1,Data Analyst,,0.25,1,450
2019_H1,Data Analyst,,2,0.25,1000
2019_H1,Data Analyst,,1,1,1000
2019_H1,Data Analyst,,0.5,0.5,700
2019_H1,Data Analyst,,0.5,0.5,700
2019_H1,Data Analyst,,1,меньше 3 месяцев,600
2019_H1,Data Analyst,,6,1,1875
2019_H1,Data Analyst,,4,меньше 3 месяцев,2000
2019_H1,Data Analyst,,меньше 3 месяцев,4,1000
2019_H1,Data Analyst,,7,0.5,1000
2019_H1,Data Analyst,,10 и более лет,6,3515
2019_H1,Data Analyst,,5,1.5,2500
2019_H1,Data Analyst,,4,2,1950
2019_H1,Data Analyst,,2,2,800
2019_H1,Data Analyst,,0.25,0.25,400
2019_H1,Data Analyst,,3,3,1600
2019_H1,Data Analyst,,6,4,560
2019_H1,Data Analyst,,2,1.5,1400
2019_H1,Data Analyst,,2,2,2500
2019_H1,Data Analyst,,2,2,1600
2019_H1,Data Analyst,,3,3,1300
2019_H1,Data Analyst,,6,3,1100
2019_H1,Data Analyst,,0.25,0.25,600
2019_H1,Data Analyst,,1,1,1000
2019_H1,Data Analyst,,2,0.5,1300
2019_H1,Data Analyst,,2,1,700
2019_H1,Data Analyst,,1.5,0.25,1000
2019_H1,Data Analyst,,0.25,меньше 3 месяцев,1000
2019_H1,Data Analyst,,1.5,0.5,1000
2019_H1,Data Analyst,,1.5,1.5,540
2019_H1,Data Analyst,,1.5,меньше 3 месяцев,1800
2019_H1,Data Analyst,,1,1.5,700
2019_H1,Data Analyst,,1,1,2500
2019_H1,Data Analyst,,5,1,1538
2019_H1,Data Analyst,,7,1.5,3000
2019_H1,Data Analyst,,0.5,0.5,740
2019_H1,Data Analyst,,4,1,700
2019_H1,Data Analyst,,10 и более лет,10 и более лет,1400
2019_H1,Data Analyst,,5,5,3500
2019_H1,Data Analyst,,1.5,1.5,600
2019_H1,Data Analyst,,0.5,0.5,600
2019_H1,Data Analyst,,1,0.5,1000
2019_H1,Data Analyst,,2,0.5,600
2019_H1,Data Analyst,,1,меньше 3 месяцев,950
2019_H1,Data Analyst,,1.5,1.5,300
2019_H1,Data Analyst,,0.5,0.5,570
2019_H1,Data Analyst,,3,2,1925
2019_H1,Data Analyst,,0.25,0.25,380
2019_H1,Data Analyst,,2,1.5,570
2019_H1,Data Analyst,,2,0.25,2500
2019_H1,Data Analyst,,2,меньше 3 месяцев,1100
2019_H1,Data Analyst,,10 и более лет,0.25,450
2019_H1,Data Analyst,,2,0.25,1500
2019_H1,Data Analyst,,3,4,2000
2019_H1,Data Analyst,,0.25,1.5,2000
2019_H1,Data Analyst,,0.5,0.5,770
2019_H1,Data Analyst,,1,1,2000
2019_H1,Data Analyst,,4,1,3000
2019_H1,Data Analyst,,0.5,0.5,500
2019_H1,Data Analyst,,меньше 3 месяцев,меньше 3 месяцев,500
2019_H1,Data Analyst,,0.5,0.5,255
2019_H1,Data Analyst,,2,2,650
2019_H1,Data Analyst,,2,2,550
2019_H1,Data Analyst,,3,1,2100
2019_H1,Data Analyst,,4,меньше 3 месяцев,200
2019_H1,Data Analyst,,1.5,меньше 3 месяцев,100
2019_H1,Data Analyst,,1,0.25,650
2019_H1,Data Analyst,,2,0.25,800
2019_H1,Data Analyst,,2,2,800
2019_H1,Data Analyst,,3,1,850
2019_H1,Data Analyst,,2,2,520
2019_H1,Data Analyst,,1,1,1000
2019_H1,Data Analyst,,5,0.5,5000
2019_H1,Data Analyst,,3,3,800
2019_H1,Data Analyst,,6,6,1000
2019_H1,Data Analyst,,7,1,1600
2019_H1,Data Analyst,,2,0.25,750
2019_H1,Data Analyst,,4,2,3000
2019_H1,Data Analyst,,8,1,538
2019_H1,Data Analyst,,меньше 3 месяцев,меньше 3 месяцев,200
2019_H1,Data Analyst,,2,1,2000
2019_H1,Data Analyst,,0.5,0.25,1200
2019_H1,Data Analyst,,1,меньше 3 месяцев,1200
2019_H1,Data Analyst,,1,1,300
2019_H1,Data Analyst,,3,1.5,1800
2019_H1,Data Analyst,,2,2,500
2019_H1,Data Analyst,,0.5,0.5,1000
2019_H1,Data Analyst,,1,1,750
2019_H1,Data Analyst,,6,4,2000
2019_H1,Data Analyst,,1.5,1.5,1000
2019_H1,Data Analyst,,2,0.5,500
2019_H1,Data Analyst,,5,1,2000
2019_H1,Data Analyst,,2,2,1100
2019_H1,Data Analyst,,1,1,434
2019_H1,Data Analyst,,2,2,1500
2019_H2,Business Analyst,,1 рік,1 рік,900.0
2019_H2,Business Analyst,,2 роки,Півроку,800.0
2019_H2,Business Analyst,,1 рік,Менше 3 місяців,800.0
2019_H2,Data Analyst,,1 рік,Менше 3 місяців,800.0
2019_H2,Data Analyst,,Півроку,Менше 3 місяців,800.0
2019_H2,Business Analyst,,Півроку,Півроку,900.0
2019_H2,Business Analyst,,3 роки,2 роки,850.0
2019_H2,Business Analyst,,1 рік,5 років,850.0
2019_H2,Business Analyst,,1 рік,Півроку,850.0
2019_H2,Business Analyst,,Півроку,2 роки,800.0
2019_H2,Business Analyst,,1 рік,1 рік,835.0
2019_H2,Business Analyst,,Півроку,Півроку,800.0
2019_H2,Data Analyst,,7 років,1 рік,750.0
2019_H2,Data Analyst,,Півроку,Півроку,800.0
2019_H2,Business Analyst,,Півроку,3 місяці,800.0
2019_H2,Business Analyst,,Півроку,Півроку,800.0
2019_H2,Business Analyst,,2 роки,2 роки,800.0
2019_H2,Data Analyst,,Півроку,3 місяці,800.0
2019_H2,Business Analyst,,5 років,2 роки,780.0
2019_H2,Business Analyst,,2 роки,2 роки,772.0
2019_H2,Business Analyst,,1 рік,1 рік,765.0
2019_H2,Business Analyst,,3 місяці,Півроку,750.0
2019_H2,Business Analyst,,3 місяці,3 місяці,750.0
2019_H2,Data Analyst,,1 рік,Півроку,900.0
2019_H2,Business Analyst,,1 рік,Менше 3 місяців,800.0
2019_H2,Data Analyst,,2 роки,Менше 3 місяців,900.0
2019_H2,Business Analyst,,1 рік,1 рік,1000.0
2019_H2,Data Analyst,,3 роки,2 роки,900.0
2019_H2,Data Analyst,,2 роки,2 роки,730.0
2019_H2,Business Analyst,,4 роки,2 роки,1100.0
2019_H2,Data Analyst,,1 рік,Півроку,1000.0
2019_H2,Business Analyst,,1 рік,Менше 3 місяців,1000.0
2019_H2,Business Analyst,,1 рік,Півроку,1000.0
2019_H2,Business Analyst,,2 роки,Менше 3 місяців,1000.0
2019_H2,Data Analyst,,2 роки,2 роки,1000.0
2019_H2,Data Analyst,,1 рік,Півроку,1000.0
2019_H2,Data Analyst,,1 рік,Півроку,1000.0
2019_H2,Business Analyst,,1 рік,1 рік,1000.0
2019_H2,Business Analyst,,3 роки,3 місяці,1000.0
2019_H2,Business Analyst,,3 місяці,3 місяці,1000.0
2019_H2,Business Analyst,,3 роки,1 рік,1000.0
2019_H2,Business Analyst,,1 рік,1 рік,1000.0
2019_H2,Data Analyst,,1 рік,Менше 3 місяців,1000.0
2019_H2,Data Analyst,,1 рік,1 рік,1000.0
2019_H2,Business Analyst,,Півроку,Півроку,1000.0
2019_H2,Business Analyst,,3 роки,1 рік,1000.0
2019_H2,Data Analyst,,10 і більше років,9 років,1000.0
2019_H2,System Analyst,,1 рік,1 рік,950.0
2019_H2,Business Analyst,,3 роки,Півроку,920.0
2019_H2,Business Analyst,,1 рік,1 рік,900.0
2019_H2,Business Analyst,,1 рік,1 рік,900.0
2019_H2,Business Analyst,,1 рік,Півроку,900.0
2019_H2,Business Analyst,,3 роки,1 рік,900.0
2019_H2,Business Analyst,,1 рік,Півроку,900.0
2019_H2,Data Analyst,,Півроку,Півроку,700.0
2019_H2,Data Analyst,,Менше 3 місяців,Менше 3 місяців,300.0
2019_H2,Business Analyst,,3 роки,3 роки,700.0
2019_H2,Data Analyst,,Півроку,Півроку,500.0
2019_H2,Data Analyst,,3 роки,3 роки,500.0
2019_H2,System Analyst,,Півроку,Півроку,500.0
2019_H2,Data Analyst,,Півроку,1 рік,500.0
2019_H2,Data Analyst,,3 місяці,3 місяці,500.0
2019_H2,Business Analyst,,Півроку,Півроку,500.0
2019_H2,Data Analyst,,2 роки,3 місяці,500.0
2019_H2,Business Analyst,,3 місяці,3 місяці,500.0
2019_H2,Business Analyst,,Півроку,3 місяці,500.0
2019_H2,Business Analyst,,1 рік,1 рік,500.0
2019_H2,Data Analyst,,6 років,Півроку,500.0
2019_H2,Business Analyst,,3 місяці,3 місяці,500.0
2019_H2,Data Analyst,,1 рік,1 рік,500.0
2019_H2,Business Analyst,,Півроку,Півроку,430.0
2019_H2,Business Analyst,,2 роки,1 рік,415.0
2019_H2,Data Analyst,,Півроку,Півроку,400.0
2019_H2,Business Analyst,,1 рік,1 рік,400.0
2019_H2,Data Analyst,,1 рік,1 рік,400.0
2019_H2,Business Analyst,,1 рік,1 рік,400.0
2019_H2,Data Analyst,,3 місяці,3 місяці,375.0
2019_H2,Data Analyst,,Півроку,Півроку,350.0
2019_H2,Data Analyst,,1 рік,1 рік,1100.0
2019_H2,Data Analyst,,Менше 3 місяців,Менше 3 місяців,300.0
2019_H2,Business Analyst,,Півроку,Менше 3 місяців,250.0
2019_H2,Business Analyst,,Півроку,Півроку,430.0
2019_H2,System Analyst,,Півроку,Півроку,500.0
2019_H2,Business Analyst,,1 рік,1 рік,500.0
2019_H2,Business Analyst,,1 рік,1 рік,530.0
2019_H2,Business Analyst,,1 рік,1 рік,700.0
2019_H2,Data Analyst,,4 роки,1 рік,700.0
2019_H2,Business Analyst,,1 рік,1 рік,700.0
2019_H2,Business Analyst,,Менше 3 місяців,Менше 3 місяців,700.0
2019_H2,Business Analyst,,7 років,9 років,700.0
2019_H2,Business Analyst,,Півроку,Півроку,700.0
2019_H2,System Analyst,,7 років,Півроку,666.0
2019_H2,Data Analyst,,4 роки,1 рік,665.0
2019_H2,Data Analyst,,1 рік,Півроку,660.0
2019_H2,Data Analyst,,2 роки,1 рік,625.0
2019_H2,Data Analyst,,Менше 3 місяців,Менше 3 місяців,620.0
2019_H2,Business Analyst,,Півроку,2 роки,618.0
2019_H2,Data Analyst,,Півроку,Півроку,600.0
2019_H2,Business Analyst,,1 рік,1 рік,600.0
2019_H2,Business Analyst,,Півроку,Півроку,600.0
2019_H2,Data Analyst,,2 роки,1 рік,600.0
2019_H2,Business Analyst,,1 рік,1 рік,600.0
2019_H2,Data Analyst,,1 рік,1 рік,600.0
2019_H2,Data Analyst,,Менше 3 місяців,2 роки,600.0
2019_H2,Business Analyst,,3 місяці,3 роки,600.0
2019_H2,Data Analyst,,1 рік,1 рік,600.0
2019_H2,Data Analyst,,2 роки,3 місяці,600.0
2019_H2,Business Analyst,,Менше 3 місяців,Менше 3 місяців,550.0
2019_H2,Business Analyst,,1 рік,1 рік,550.0
2019_H2,Data Analyst,,2 роки,Півроку,540.0
2019_H2,Data Analyst,,1 рік,Менше 3 місяців,700.0
2019_H2,Business Analyst,,2 роки,2 роки,1100.0
2019_H2,Business Analyst,,10 і більше років,3 роки,5150.0
2019_H2,Data Analyst,,8 років,Менше 3 місяців,1125.0
2019_H2,Business Analyst,,4 роки,2 роки,2455.0
2019_H2,Business Analyst,,5 років,5 років,2500.0
2019_H2,Business Analyst,,4 роки,2 роки,2500.0
2019_H2,Business Analyst,,3 роки,1 рік,2500.0
2019_H2,System Analyst,,Менше 3 місяців,Менше 3 місяців,2500.0
2019_H2,Business Analyst,,3 роки,1 рік,2500.0
2019_H2,Business Analyst,,3 роки,Півроку,2500.0
2019_H2,Business Analyst,,8 років,1 рік,2500.0
2019_H2,Business Analyst,,Півроку,Півроку,2500.0
2019_H2,Data Analyst,,5 років,2 роки,2500.0
2019_H2,Data Analyst,,5 років,3 місяці,2500.0
2019_H2,Business Analyst,,1 рік,Півроку,2500.0
2019_H2,System Analyst,,6 років,1 рік,2500.0
2019_H2,Business Analyst,,4 роки,Менше 3 місяців,2500.0
2019_H2,Business Analyst,,3 роки,Півроку,2550.0
2019_H2,Business Analyst,,6 років,3 роки,2550.0
2019_H2,Business Analyst,,5 років,2 роки,2600.0
2019_H2,Business Analyst,,5 років,1 рік,2600.0
2019_H2,Business Analyst,,6 років,Менше 3 місяців,2600.0
2019_H2,Business Analyst,,6 років,6 років,2600.0
2019_H2,Data Analyst,,4 роки,Півроку,2700.0
2019_H2,Data Analyst,,4 роки,1 рік,2755.0
2019_H2,Business Analyst,,5 років,1 рік,2800.0
2019_H2,Business Analyst,,5 років,5 років,2400.0
2019_H2,Business Analyst,,6 років,2 роки,2400.0
2019_H2,Business Analyst,,6 років,2 роки,2370.0
2019_H2,Business Analyst,,6 років,1 рік,2300.0
2019_H2,Business Analyst,,4 роки,4 роки,2000.0
2019_H2,Data Analyst,,3 роки,3 роки,2000.0
2019_H2,Business Analyst,,3 роки,1 рік,2000.0
2019_H2,Data Analyst,,2 роки,1 рік,2000.0
2019_H2,Data Analyst,,4 роки,Півроку,2000.0
2019_H2,Business Analyst,,1 рік,3 місяці,2000.0
2019_H2,Data Analyst,,2 роки,Менше 3 місяців,2000.0
2019_H2,Business Analyst,,Півроку,Півроку,2000.0
2019_H2,Data Analyst,,3 роки,1 рік,2000.0
2019_H2,Business Analyst,,3 роки,Менше 3 місяців,2000.0
2019_H2,Data Analyst,,9 років,2 роки,2100.0
2019_H2,Business Analyst,,3 роки,1 рік,2800.0
2019_H2,Business Analyst,,3 роки,3 роки,2100.0
2019_H2,Business Analyst,,2 роки,Менше 3 місяців,2100.0
2019_H2,Business Analyst,,3 роки,Менше 3 місяців,2200.0
2019_H2,Business Analyst,,5 років,1 рік,2200.0
2019_H2,Data Analyst,,4 роки,1 рік,2200.0
2019_H2,Business Analyst,,1 рік,1 рік,2200.0
2019_H2,Business Analyst,,3 роки,3 місяці,2200.0
2019_H2,Business Analyst,,3 роки,Менше 3 місяців,2200.0
2019_H2,Business Analyst,,3 роки,3 роки,2200.0
2019_H2,Business Analyst,,10 і більше років,8 років,2300.0
2019_H2,Business Analyst,,1 рік,1 рік,2300.0
2019_H2,Business Analyst,,Півроку,Півроку,2300.0
2019_H2,Business Analyst,,7 років,5 років,2100.0
2019_H2,Business Analyst,,6 років,Півроку,2000.0
2019_H2,System Analyst,,7 років,3 роки,2800.0
2019_H2,Business Analyst,,4 роки,4 роки,2800.0
2019_H2,Business Analyst,,2 роки,2 роки,3500.0
2019_H2,Business Analyst,,2 роки,2 роки,3500.0
2019_H2,Business Analyst,,4 роки,3 місяці,3500.0
2019_H2,Business Analyst,,10 і більше років,2 роки,3700.0
2019_H2,Business Analyst,,5 років,2 роки,3700.0
2019_H2,Business Analyst,,8 років,7 років,3700.0
2019_H2,Business Analyst,,7 років,3 роки,3800.0
2019_H2,Business Analyst,,9 років,5 років,3800.0
2019_H2,Business Analyst,,7 років,3 місяці,4000.0
2019_H2,Business Analyst,,7 років,7 років,4000.0
2019_H2,System Analyst,,7 років,Менше 3 місяців,4000.0
2019_H2,Business Analyst,,10 і більше років,5 років,4000.0
2019_H2,Business Analyst,,10 і більше років,3 роки,4000.0
2019_H2,Business Analyst,,8 років,3 місяці,4000.0
2019_H2,Business Analyst,,6 років,Півроку,4000.0
2019_H2,Business Analyst,,5 років,5 років,4000.0
2019_H2,Business Analyst,,9 років,Півроку,4050.0
2019_H2,System Analyst,,10 і більше років,10 і більше років,4160.0
2019_H2,Business Analyst,,7 років,3 роки,4300.0
2019_H2,Business Analyst,,5 років,3 роки,4400.0
2019_H2,Business Analyst,,10 і більше років,1 рік,4500.0
2019_H2,Business Analyst,,6 років,Півроку,4800.0
2019_H2,Data Analyst,,1 рік,1 рік,1100.0
2019_H2,Business Analyst,,6 років,2 роки,3500.0
2019_H2,Business Analyst,,8 років,Менше 3 місяців,3500.0
2019_H2,Business Analyst,,8 років,4 роки,3500.0
2019_H2,Business Analyst,,10 і більше років,3 місяці,3500.0
2019_H2,Data Analyst,,2 роки,Менше 3 місяців,2800.0
2019_H2,Business Analyst,,7 років,7 років,2870.0
2019_H2,Business Analyst,,7 років,4 роки,2900.0
2019_H2,Business Analyst,,2 роки,Півроку,2900.0
2019_H2,Business Analyst,,10 і більше років,2 роки,3000.0
2019_H2,Data Analyst,,7 років,3 місяці,3000.0
2019_H2,Data Analyst,,10 і більше років,5 років,3000.0
2019_H2,Business Analyst,,3 роки,1 рік,3000.0
2019_H2,Business Analyst,,4 роки,3 місяці,3000.0
2019_H2,Business Analyst,,5 років,Півроку,3000.0
2019_H2,System Analyst,,7 років,3 роки,3000.0
2019_H2,Business Analyst,,4 роки,1 рік,2800.0
2019_H2,Business Analyst,,2 роки,2 роки,3000.0
2019_H2,Data Analyst,,3 роки,Менше 3 місяців,3000.0
2019_H2,System Analyst,,4 роки,1 рік,3100.0
2019_H2,Business Analyst,,6 років,Півроку,3200.0
2019_H2,Business Analyst,,9 років,2 роки,3200.0
2019_H2,Business Analyst,,3 роки,Менше 3 місяців,3200.0
2019_H2,Data Analyst,,3 роки,3 роки,3200.0
2019_H2,Business Analyst,,2 роки,Менше 3 місяців,3250.0
2019_H2,Business Analyst,,4 роки,Півроку,3300.0
2019_H2,Business Analyst,,3 роки,6 років,3325.0
2019_H2,Business Analyst,,3 роки,1 рік,3400.0
2019_H2,Business Analyst,,10 і більше років,Півроку,3500.0
2019_H2,Business Analyst,,4 роки,Півроку,3000.0
2019_H2,Business Analyst,,10 і більше років,Півроку,2000.0
2019_H2,Business Analyst,,2 роки,2 роки,2400.0
2019_H2,System Analyst,,10 і більше років,6 років,2000.0
2019_H2,Business Analyst,,1 рік,3 роки,1400.0
2019_H2,Data Analyst,,4 роки,2 роки,1400.0
2019_H2,Data Analyst,,3 роки,3 роки,1400.0
2019_H2,Data Analyst,,2 роки,Менше 3 місяців,1400.0
2019_H2,Data Analyst,,2 роки,2 роки,1400.0
2019_H2,System Analyst,,3 роки,1 рік,1450.0
2019_H2,Business Analyst,,4 роки,1 рік,1450.0
2019_H2,Business Analyst,,2 роки,1 рік,1450.0
2019_H2,Data Analyst,,3 роки,Менше 3 місяців,1469.0
2019_H2,Business Analyst,,10 і більше років,10 і більше років,1500.0
2019_H2,System Analyst,,3 роки,3 місяці,1500.0
2019_H2,Business Analyst,,2 роки,1 рік,1400.0
2019_H2,Business Analyst,,2 роки,1 рік,1500.0
2019_H2,Data Analyst,,2 роки,1 рік,1500.0
2019_H2,System Analyst,,3 роки,1 рік,1500.0
2019_H2,Data Analyst,,5 років,Півроку,1500.0
2019_H2,Business Analyst,,1 рік,1 рік,1500.0
2019_H2,Business Analyst,,6 років,2 роки,1500.0
2019_H2,Data Analyst,,6 років,Менше 3 місяців,1500.0
2019_H2,Data Analyst,,5 років,1 рік,1500.0
2019_H2,Business Analyst,,2 роки,1 рік,1500.0
2019_H2,Business Analyst,,2 роки,Менше 3 місяців,1500.0
2019_H2,Business Analyst,,3 роки,4 роки,1500.0
2019_H2,Business Analyst,,1 рік,3 роки,1500.0
2019_H2,Business Analyst,,3 роки,1 рік,1500.0
2019_H2,Business Analyst,,2 роки,1 рік,1500.0
2019_H2,Business Analyst,,5 років,1 рік,1400.0
2019_H2,Data Analyst,,1 рік,Менше 3 місяців,1300.0
2019_H2,Business Analyst,,1 рік,3 місяці,1150.0
2019_H2,Business Analyst,,Півроку,Півроку,1150.0
2019_H2,Data Analyst,,3 роки,2 роки,1160.0
2019_H2,Data Analyst,,1 рік,1 рік,1200.0
2019_H2,Business Analyst,,10 і більше років,3 роки,1200.0
2019_H2,Business Analyst,,2 роки,Півроку,1200.0
2019_H2,Data Analyst,,3 роки,3 роки,1200.0
2019_H2,Business Analyst,,5 років,2 роки,1200.0
2019_H2,Business Analyst,,1 рік,3 місяці,1200.0
2019_H2,Business Analyst,,1 рік,Півроку,1200.0
2019_H2,Business Analyst,,3 місяці,3 місяці,1200.0
2019_H2,Business Analyst,,1 рік,Менше 3 місяців,1300.0
2019_H2,Business Analyst,,1 рік,Менше 3 місяців,1200.0
2019_H2,Data Analyst,,3 роки,1 рік,1200.0
2019_H2,Business Analyst,,2 роки,1 рік,1200.0
2019_H2,Business Analyst,,4 роки,2 роки,1200.0
2019_H2,Data Analyst,,3 роки,3 місяці,1200.0
2019_H2,Data Analyst,,2 роки,2 роки,1200.0
2019_H2,Data Analyst,,4 роки,1 рік,1255.0
2019_H2,Business Analyst,,2 роки,2 роки,1300.0
2019_H2,Business Analyst,,2 роки,2 роки,1300.0
2019_H2,Business Analyst,,1 рік,Півроку,1300.0
2019_H2,Business Analyst,,2 роки,1 рік,1300.0
2019_H2,Business Analyst,,5 років,3 роки,2000.0
2019_H2,Business Analyst,,2 роки,2 роки,1200.0
2019_H2,Data Analyst,,2 роки,1 рік,1500.0
2019_H2,Business Analyst,,2 роки,1 рік,1300.0
2019_H2,Data Analyst,,2 роки,2 роки,1500.0
2019_H2,Business Analyst,,2 роки,1 рік,1800.0
2019_H2,Business Analyst,,2 роки,1 рік,1800.0
2019_H2,Business Analyst,,3 роки,Півроку,1800.0
2019_H2,Business Analyst,,4 роки,3 місяці,1800.0
2019_H2,Business Analyst,,2 роки,1 рік,1800.0
2019_H2,Business Analyst,,4 роки,1 рік,1800.0
2019_H2,Data Analyst,,2 роки,2 роки,1850.0
2019_H2,Business Analyst,,3 роки,Менше 3 місяців,1875.0
2019_H2,Business Analyst,,6 років,6 років,1900.0
2019_H2,Business Analyst,,3 роки,8 років,1900.0
2019_H2,Business Analyst,,2 роки,1 рік,1900.0
2019_H2,Data Analyst,,3 роки,3 роки,1900.0
2019_H2,Business Analyst,,8 років,8 років,1900.0
2019_H2,Business Analyst,,1 рік,1 рік,1900.0
2019_H2,Business Analyst,,3 роки,3 роки,1910.0
2019_H2,Business Analyst,,3 роки,3 роки,1950.0
2019_H2,Business Analyst,,4 роки,4 роки,1960.0
2019_H2,Data Analyst,,10 і більше років,3 роки,2000.0
2019_H2,Data Analyst,,10 і більше років,10 і більше років,2000.0
2019_H2,Data Analyst,,5 років,3 роки,2000.0
2019_H2,Business Analyst,,10 і більше років,3 роки,2000.0
2019_H2,Business Analyst,,2 роки,Менше 3 місяців,1500.0
2019_H2,Data Analyst,,5 років,2 роки,2000.0
2019_H2,Business Analyst,,4 роки,2 роки,1800.0
2019_H2,Data Analyst,,3 роки,2 роки,1800.0
2019_H2,Business Analyst,,3 роки,3 роки,1900.0
2019_H2,Business Analyst,,4 роки,1 рік,1800.0
2019_H2,Data Analyst,,2 роки,Менше 3 місяців,1500.0
2019_H2,Business Analyst,,3 роки,Менше 3 місяців,1800.0
2019_H2,Business Analyst,,3 роки,1 рік,1500.0
2019_H2,Data Analyst,,3 роки,2 роки,1500.0
2019_H2,Business Analyst,,2 роки,Півроку,1500.0
2019_H2,Business Analyst,,Півроку,3 місяці,1500.0
2019_H2,Business Analyst,,3 роки,1 рік,1550.0
2019_H2,Business Analyst,,4 роки,Менше 3 місяців,1600.0
2019_H2,Business Analyst,,4 роки,2 роки,1600.0
2019_H2,Business Analyst,,2 роки,1 рік,1600.0
2019_H2,Business Analyst,,2 роки,3 місяці,1600.0
2019_H2,Data Analyst,,3 роки,2 роки,1600.0
2019_H2,Business Analyst,,1 рік,Півроку,1650.0
2019_H2,Business Analyst,,3 роки,1 рік,1600.0
2019_H2,Data Analyst,,3 роки,1 рік,1650.0
2019_H2,Business Analyst,,2 роки,Менше 3 місяців,1666.0
2019_H2,Business Analyst,,3 роки,2 роки,1670.0
2019_H2,Business Analyst,,2 роки,Півроку,1680.0
2019_H2,Business Analyst,,5 років,1 рік,1700.0
2019_H2,Business Analyst,,4 роки,4 роки,1700.0
2019_H2,Data Analyst,,3 роки,3 місяці,1700.0
2019_H2,Business Analyst,,10 і більше років,5 років,1715.0
2019_H2,Data Analyst,,3 роки,2 роки,1750.0
2019_H2,Data Analyst,,4 роки,4 роки,1750.0
2020_H1,System Analyst,,10.0,10.0,1000
2020_H1,Data Analyst,,4.0,1.0,900
2020_H1,Data Analyst,,1.0,1.0,900
2020_H1,Data Analyst,,0.5,0.5,900
2020_H1,Data Analyst,,2.0,0.5,900
2020_H1,System Analyst,,1.0,1.0,820
2020_H1,System Analyst,,2.0,0.25,833
2020_H1,Data Analyst,,7.0,1.0,800
2020_H1,Data Analyst,,1.0,1.0,800
2020_H1,Data Analyst,,0.5,0.5,800
2020_H1,Data Analyst,,2.0,1.0,1000
2020_H1,Data Analyst,,2.0,1.0,900
2020_H1,Data Analyst,,10.0,1.0,1000
2020_H1,Data Analyst,,3.0,3.0,1136
2020_H1,Data Analyst,,1.0,0.5,1000
2020_H1,Data Analyst,,2.0,1.0,1000
2020_H1,Data Analyst,,8.0,0.0,1000
2020_H1,Data Analyst,,1.0,0.5,1000
2020_H1,Data Analyst,,1.0,0.5,1000
2020_H1,Data Analyst,,2.0,0.5,1040
2020_H1,Data Analyst,,4.0,2.0,1100
2020_H1,Data Analyst,,1.0,0.25,1100
2020_H1,Data Analyst,,1.0,3.0,1100
2020_H1,System Analyst,,3.0,3.0,1150
2020_H1,Data Analyst,,2.0,0.5,1200
2020_H1,Data Analyst,,2.0,0.5,800
2020_H1,Data Analyst,,8.0,4.0,1200
2020_H1,System Analyst,,8.0,2.0,1200
2020_H1,Data Analyst,,1.0,1.0,1000
2020_H1,Data Analyst,,6.0,0.5,800
2020_H1,System Analyst,,0.5,0.5,300
2020_H1,System Analyst,,0.25,0.25,800
2020_H1,Data Analyst,,0.5,0.5,1200
2020_H1,System Analyst,,10.0,10.0,200
2020_H1,Data Analyst,,1.0,1.0,220
2020_H1,Data Analyst,,2.0,2.0,225
2020_H1,Data Analyst,,1.0,1.0,260
2020_H1,Data Analyst,,0.5,0.5,280
2020_H1,Data Analyst,,1.0,1.0,300
2020_H1,Data Analyst,,0.5,0.5,300
2020_H1,Data Analyst,,0.5,0.5,320
2020_H1,Data Analyst,,1.0,1.0,400
2020_H1,Data Analyst,,1.0,1.0,450
2020_H1,Data Analyst,,2.0,2.0,450
2020_H1,Data Analyst,,0.5,0.5,475
2020_H1,Data Analyst,,0.5,0.5,500
2020_H1,Data Analyst,,1.0,1.0,500
2020_H1,Data Analyst,,0.5,0.5,550
2020_H1,Data Analyst,,1.0,1.0,560
2020_H1,Data Analyst,,3.0,0.0,570
2020_H1,Data Analyst,,1.0,1.0,600
2020_H1,Data Analyst,,1.0,1.0,600
2020_H1,Data Analyst,,0.5,0.0,600
2020_H1,Data Analyst,,3.0,0.5,600
2020_H1,Data Analyst,,1.0,1.0,600
2020_H1,Data Analyst,,0.25,0.25,600
2020_H1,Data Analyst,,0.25,3.0,620
2020_H1,Data Analyst,,3.0,3.0,650
2020_H1,Data Analyst,,1.0,1.0,650
2020_H1,Data Analyst,,0.0,0.0,700
2020_H1,Data Analyst,,2.0,1.0,750
2020_H1,System Analyst,,1.0,0.5,800
2020_H1,Data Analyst,,3.0,0.5,1200
2020_H1,System Analyst,,2.0,0.0,2000
2020_H1,Data Analyst,,0.5,0.5,1200
2020_H1,System Analyst,,2.0,2.0,1800
2020_H1,Data Analyst,,1.0,0.25,1900
2020_H1,System Analyst,,5.0,2.0,2000
2020_H1,Data Analyst,,2.0,0.0,2000
2020_H1,Data Analyst,,3.0,3.0,2000
2020_H1,Data Analyst,,4.0,0.0,2000
2020_H1,Data Analyst,,3.0,0.25,2000
2020_H1,Data Analyst,,3.0,2.0,2000
2020_H1,Data Analyst,,3.0,2.0,2100
2020_H1,Data Analyst,,3.0,0.5,2200
2020_H1,Data Analyst,,7.0,2.0,2450
2020_H1,System Analyst,,3.0,2.0,2500
2020_H1,Data Analyst,,3.0,3.0,2500
2020_H1,System Analyst,,9.0,4.0,1800
2020_H1,System Analyst,,7.0,0.5,2700
2020_H1,Data Analyst,,4.0,0.5,3000
2020_H1,Data Analyst,,6.0,1.0,3000
2020_H1,Data Analyst,,2.0,0.5,3000
2020_H1,System Analyst,,7.0,0.5,3000
2020_H1,System Analyst,,4.0,1.0,3200
2020_H1,Data Analyst,,3.0,0.25,3200
2020_H1,Data Analyst,,4.0,4.0,3200
2020_H1,Data Analyst,,10.0,6.0,3300
2020_H1,Data Analyst,,5.0,1.0,3500
2020_H1,Data Analyst,,3.0,0.5,3500
2020_H1,Data Analyst,,5.0,5.0,4000
2020_H1,System Analyst,,10.0,0.5,4500
2020_H1,Data Analyst,,1.0,1.0,1200
2020_H1,Data Analyst,,3.0,2.0,2900
2020_H1,Data Analyst,,3.0,3.0,1800
2020_H1,Data Analyst,,4.0,0.5,2800
2020_H1,Data Analyst,,1.0,2.0,1700
2020_H1,System Analyst,,5.0,0.0,1300
2020_H1,System Analyst,,3.0,1.0,1750
2020_H1,Data Analyst,,3.0,2.0,1300
2020_H1,Data Analyst,,2.0,0.5,1300
2020_H1,Data Analyst,,2.0,1.0,1300
2020_H1,System Analyst,,1.0,1.0,1300
2020_H1,Data Analyst,,10.0,10.0,1300
2020_H1,Data Analyst,,3.0,3.0,1300
2020_H1,System Analyst,,0.0,0.0,1300
2020_H1,Data Analyst,,2.0,1.0,1350
2020_H1,System Analyst,,5.0,3.0,1400
2020_H1,System Analyst,,9.0,3.0,1400
2020_H1,System Analyst,,5.0,1.0,1400
2020_H1,Data Analyst,,2.0,2.0,1400
2020_H1,Data Analyst,,3.0,1.0,1300
2020_H1,System Analyst,,2.0,1.0,1408
2020_H1,Data Analyst,,4.0,1.0,1700
2020_H1,Data Analyst,,3.0,1.0,1700
2020_H1,Data Analyst,,6.0,0.5,1700
2020_H1,Data Analyst,,2.0,2.0,1600
2020_H1,System Analyst,,1.0,0.25,1500
2020_H1,Data Analyst,,4.0,3.0,1500
2020_H1,Data Analyst,,2.0,0.5,1500
2020_H1,System Analyst,,6.0,6.0,1500
2020_H1,Data Analyst,,6.0,0.5,1500
2020_H1,Data Analyst,,2.0,2.0,1500
2020_H1,System Analyst,,2.0,1.0,1500
2020_H1,System Analyst,,2.0,1.0,1500
2020_H1,Data Analyst,,3.0,2.0,1500
2022_H1,Data Analyst,,7-10 років,,2500 - 3000
2022_H1,Data Analyst,,7-10 років,,1500 - 2000
2022_H1,Business Analyst,,7-10 років,,2500 - 3000
2022_H1,Data Analyst,,7-10 років,,2000 - 2500
2022_H1,Business Analyst,,7-10 років,,2000 - 2500
2022_H1,Data Analyst,,4-6 років,,5000 - 5500
2022_H1,Product Analyst,,4-6 років,,3500 - 4000
2022_H1,Business Analyst,,4-6 років,,4500 - 5000
2022_H1,Data Analyst,,4-6 років,,4000 - 4500
2022_H1,Business Analyst,,4-6 років,,4000 - 4500
2022_H1,Business Analyst,,4-6 років,,3500 - 4000
2022_H1,Data Analyst,,4-6 років,,3500 - 4000
2022_H1,BI Analyst,,7-10 років,,3000 - 3500
2022_H1,System Analyst,,4-6 років,,500 - 1000
2022_H1,Business Analyst,,7-10 років,,3000 - 3500
2022_H1,Business Analyst,,До року,,1500 - 2000
2022_H1,Business Analyst,,7-10 років,,3500 - 4000
2022_H1,BI Analyst,,4-6 років,,3500 - 4000
2022_H1,Data Analyst,,До року,,3500 - 4000
2022_H1,Data Analyst,,До року,,1500 - 2000
2022_H1,Data Analyst,,До року,,1000 - 1500
2022_H1,Business Analyst,,До року,,1000 - 1500
2022_H1,BI Analyst,,До року,,1000 - 1500
2022_H1,System Analyst,,7-10 років,,3000 - 3500
2022_H1,Product Analyst,,7-10 років,,6500 +
2022_H1,Product Analyst,,7-10 років,,5000 - 5500
2022_H1,Business Analyst,,7-10 років,,500 - 1000
2022_H1,Business Analyst,,7-10 років,,4500 - 5000
2022_H1,Business Analyst,,7-10 років,,4000 - 4500
2022_H1,BI Analyst,,7-10 років,,4000 - 4500
2022_H1,Data Analyst,,7-10 років,,3500 - 4000
2022_H1,Product Analyst,,7-10 років,,5500 - 6000
2022_H1,Data Analyst,,4-6 років,,3000 - 3500
2022_H1,Business Analyst,,1-3 роки,,2500 - 3000
2022_H1,Data Analyst,,4-6 років,,2500 - 3000
2022_H1,System Analyst,,1-3 роки,,500 - 1000
2022_H1,Data Analyst,,1-3 роки,,500 - 1000
2022_H1,Business Analyst,,1-3 роки,,500 - 1000
2022_H1,BI Analyst,,1-3 роки,,500 - 1000
2022_H1,Product Analyst,,1-3 роки,,4000 - 4500
2022_H1,Business Analyst,,1-3 роки,,4000 - 4500
2022_H1,Business Analyst,,10+ років,,3500 - 4000
2022_H1,Data Analyst,,1-3 роки,,3000 - 3500
2022_H1,Data Analyst,,1-3 роки,,2500 - 3000
2022_H1,Data Analyst,,До року,,500 - 1000
2022_H1,System Analyst,,1-3 роки,,2000 - 2500
2022_H1,Product Analyst,,1-3 роки,,2000 - 2500
2022_H1,Data Analyst,,1-3 роки,,2000 - 2500
2022_H1,Business Analyst,,1-3 роки,,2000 - 2500
2022_H1,Business Analyst,,1-3 роки,,3000 - 3500
2022_H1,Business Analyst,,4-6 років,,3000 - 3500
2022_H1,Business Analyst,,10+ років,,500 - 1000
2022_H1,Business Analyst,,10+ років,,5500 - 6000
2022_H1,Business Analyst,,4-6 років,,2500 - 3000
2022_H1,Data Analyst,,4-6 років,,2000 - 2500
2022_H1,Business Analyst,,4-6 років,,2000 - 2500
2022_H1,BI Analyst,,4-6 років,,2000 - 2500
2022_H1,System Analyst,,4-6 років,,1500 - 2000
2022_H1,Data Analyst,,4-6 років,,1500 - 2000
2022_H1,Business Analyst,,10+ років,,5000 - 5500
2022_H1,Business Analyst,,4-6 років,,1500 - 2000
2022_H1,Business Analyst,,4-6 років,,1000 - 1500
2022_H1,Business Analyst,,15  і більше років,,4500 - 5000
2022_H1,System Analyst,,15  і більше років,,3500 - 4000
2022_H1,Business Analyst,,15  і більше років,,3500 - 4000
2022_H1,Data Analyst,,15  і більше років,,3000 - 3500
2022_H1,BI Analyst,,10+ років,,6000 - 6500
2022_H1,Data Analyst,,4-6 років,,1000 - 1500
2022_H1,BI Analyst,,1-3 роки,,1000 - 1500
2022_H1,Data Analyst,,4-6 років,,2500 - 3000
2022_H1,BI Analyst,,1-3 роки,,1500 - 2000
2022_H1,Business Analyst,,До року,,500 - 1000
2022_H1,Business Analyst,,До року,,2000 - 2500
2022_H1,Data Analyst,,До року,,1000 - 1500
2022_H1,Business Analyst,,До року,,1000 - 1500
2022_H1,Business Analyst,,До року,,0 - 500
2022_H1,Business Analyst,,7-10 років,,6500 +
2022_H1,Data Analyst,,До року,,500 - 1000
2022_H1,Business Analyst,,7-10 років,,6000 - 6500
2022_H1,Product Analyst,,7-10 років,,5000 - 5500
2022_H1,Business Analyst,,7-10 років,,5000 - 5500
2022_H1,Business Analyst,,7-10 років,,4500 - 5000
2022_H1,Business Analyst,,7-10 років,,3500 - 4000
2022_H1,Business Analyst,,7-10 років,,3000 - 3500
2022_H1,Product Analyst,,7-10 років,,2500 - 3000
2022_H1,Business Analyst,,7-10 років,,5500 - 6000
2022_H1,Product Analyst,,4-6 років,,5000 - 5500
2022_H1,Business Analyst,,1-3 роки,,1000 - 1500
2022_H1,Business Analyst,,1-3 роки,,3000 - 3500
2022_H1,BI Analyst,,1-3 роки,,2000 - 2500
2022_H1,Business Analyst,,7-10 років,,4000 - 4500
2022_H1,Business Analyst,,4-6 років,,2000 - 2500
2022_H1,Business Analyst,,1-3 роки,,500 - 1000
2022_H1,Data Analyst,,1-3 роки,,2500 - 3000
2022_H1,Business Analyst,,1-3 роки,,2500 - 3000
2022_H1,Data Analyst,,1-3 роки,,2500 - 3000
2022_H1,Business Analyst,,1-3 роки,,2000 - 2500
2022_H1,Business Analyst,,1-3 роки,,1500 - 2000
2022_H1,Business Analyst,,1-3 роки,,1000 - 1500
2022_H1,Business Analyst,,7-10 років,,3500 - 4000
2022_H1,Business Analyst,,4-6 років,,4000 - 4500
2022_H1,Business Analyst,,1-3 роки,,3500 - 4000
2022_H1,BI Analyst,,1-3 роки,,3500 - 4000
2022_H1,Data Analyst,,1-3 роки,,1500 - 2000
2022_H1,Business Analyst,,1-3 роки,,1000 - 1500
2022_H1,Business Analyst,,4-6 років,,500 - 1000
2022_H1,Business Analyst,,4-6 років,,4000 - 4500
2022_H1,BI Analyst,,1-3 роки,,500 - 1000
2022_H1,Business Analyst,,1-3 роки,,4000 - 4500
2022_H1,BI Analyst,,1-3 роки,,4000 - 4500
2022_H1,Data Analyst,,1-3 роки,,3000 - 3500
2022_H1,Business Analyst,,1-3 роки,,3000 - 3500
2022_H1,Data Analyst,,1-3 роки,,2500 - 3000
2022_H1,Business Analyst,,1-3 роки,,500 - 1000
2022_H1,Business Analyst,,1-3 роки,,2500 - 3000
2022_H1,Data Analyst,,1-3 роки,,2000 - 2500
2022_H1,Business Analyst,,1-3 роки,,2000 - 2500
2022_H1,BI Analyst,,1-3 роки,,2000 - 2500
2022_H1,System Analyst,,1-3 роки,,1500 - 2000
2022_H1,Data Analyst,,1-3 роки,,1500 - 2000
2022_H1,Business Analyst,,1-3 роки,,1500 - 2000
2022_H1,BI Analyst,,1-3 роки,,2500 - 3000
2022_H1,Business Analyst,,4-6 років,,4500 - 5000
2022_H1,Data Analyst,,1-3 роки,,500 - 1000
2022_H1,Product Analyst,,1-3 роки,,6000 - 6500
2022_H1,Business Analyst,,4-6 років,,3500 - 4000
2022_H1,Product Analyst,,4-6 років,,3000 - 3500
2022_H1,Business Analyst,,4-6 років,,3000 - 3500
2022_H1,System Analyst,,4-6 років,,2500 - 3000
2022_H1,Business Analyst,,4-6 років,,2500 - 3000
2022_H1,Data Analyst,,4-6 років,,2000 - 2500
2022_H1,System Analyst,,1-3 роки,,500 - 1000
2022_H1,Business Analyst,,4-6 років,,2000 - 2500
2022_H1,Data Analyst,,4-6 років,,1000 - 1500
2022_H1,Product Analyst,,4-6 років,,0 - 500
2022_H1,Business Analyst,,15  і більше років,,3000 - 3500
2022_H1,Business Analyst,,10+ років,,6000 - 6500
2022_H1,System Analyst,,10+ років,,3500 - 4000
2022_H1,Business Analyst,,10+ років,,2000 - 2500
2022_H1,Business Analyst,,4-6 років,,1500 - 2000
2022_H1,System Analyst,,1-3 роки,,1500 - 2000
2022_H1,Product Analyst,,4-6 років,,2500 - 3000
2022_H1,Data Analyst,,1-3 роки,,1500 - 2000
2022_H1,Business Analyst,,4-6 років,,3500 - 4000
2022_H1,Data Analyst,,4-6 років,,2500 - 3000
2022_H1,Data Analyst,,4-6 років,,1500 - 2000
2022_H1,Business Analyst,,10+ років,,4000 - 4500
2022_H1,Business Analyst,,1-3 роки,,500 - 1000
2022_H1,BI Analyst,,1-3 роки,,3000 - 3500
2022_H1,Data Analyst,,4-6 років,,4000 - 4500
2022_H1,Data Analyst,,1-3 роки,,2500 - 3000
2022_H1,Product Analyst,,1-3 роки,,2000 - 2500
2022_H1,Business Analyst,,1-3 роки,,2000 - 2500
2022_H1,Data Analyst,,1-3 роки,,1500 - 2000
2022_H1,Business Analyst,,1-3 роки,,1500 - 2000
2022_H1,Business Analyst,,1-3 роки,,1000 - 1500
2022_H1,Business Analyst,,1-3 роки,,0 - 500
2022_H1,Business Analyst,,1-3 роки,,2500 - 3000
2022_H1,System Analyst,,До року,,500 - 1000
2022_H1,Business Analyst,,4-6 років,,4500 - 5000
2022_H1,Business Analyst,,До року,,1000 - 1500
2022_H1,Business Analyst,,1-3 роки,,2500 - 3000
2022_H1,Product Analyst,,1-3 роки,,2000 - 2500
2022_H1,Data Analyst,,1-3 роки,,2000 - 2500
2022_H1,Business Analyst,,1-3 роки,,2000 - 2500
2022_H1,Product Analyst,,1-3 роки,,1500 - 2000
2022_H1,Data Analyst,,1-3 роки,,1500 - 2000
2022_H1,Business Analyst,,7-10 років,,4500 - 5000
2022_H1,Business Analyst,,1-3 роки,,1500 - 2000
2022_H1,Product Analyst,,1-3 роки,,1000 - 1500
2022_H1,Data Analyst,,1-3 роки,,1000 - 1500
2022_H1,Business Analyst,,1-3 роки,,1000 - 1500
2022_H1,Data Analyst,,До року,,500 - 1000
2022_H1,Business Analyst,,До року,,500 - 1000
2022_H1,Data Analyst,,До року,,1000 - 1500
2022_H1,BI Analyst,,1-3 роки,,1500 - 2000
2022_H1,Data Analyst,,1-3 роки,,2500 - 3000
2022_H1,Business Analyst,,До року,,2000 - 2500
2022_H1,Business Analyst,,7-10 років,,2000 - 2500
2022_H1,Business Analyst,,4-6 років,,4500 - 5000
2022_H1,Data Analyst,,4-6 років,,3500 - 4000
2022_H1,Business Analyst,,4-6 років,,2000 - 2500
2022_H1,Business Analyst,,1-3 роки,,3500 - 4000
2022_H1,Business Analyst,,1-3 роки,,3000 - 3500
2022_H1,BI Analyst,,1-3 роки,,3000 - 3500
2022_H1,Business Analyst,,4-6 років,,6000 - 6500
2022_H1,Data Analyst,,1-3 роки,,2500 - 3000
2022_H1,System Analyst,,1-3 роки,,2000 - 2500
2022_H1,Business Analyst,,1-3 роки,,2000 - 2500
2022_H1,System Analyst,,1-3 роки,,1500 - 2000
2022_H1,Business Analyst,,1-3 роки,,1500 - 2000
2022_H1,Business Analyst,,1-3 роки,,1000 - 1500
2022_H1,Product Analyst,,1-3 роки,,1500 - 2000
2022_H1,Business Analyst,,1-3 роки,,2500 - 3000
2022_H1,Business Analyst,,7-10 років,,4500 - 5000
2022_H1,Business Analyst,,7-10 років,,5000 - 5500
2022_H1,Business Analyst,,До року,,2000 - 2500
2022_H1,Business Analyst,,4-6 років,,4500 - 5000
2022_H1,Business Analyst,,4-6 років,,4000 - 4500
2022_H1,Product Analyst,,4-6 років,,3000 - 3500
2022_H1,Business Analyst,,4-6 років,,3000 - 3500
2022_H1,Business Analyst,,4-6 років,,2500 - 3000
2022_H1,Business Analyst,,4-6 років,,2000 - 2500
2022_H1,BI Analyst,,До року,,1000 - 1500
2022_H1,Business Analyst,,4-6 років,,1500 - 2000
2022_H1,BI Analyst,,4-6 років,,1000 - 1500
2022_H1,Data Analyst,,1-3 роки,,500 - 1000
2022_H1,Business Analyst,,1-3 роки,,500 - 1000
2022_H1,Business Analyst,,1-3 роки,,2000 - 2500
2022_H1,Business Analyst,,1-3 роки,,1000 - 1500
2022_H1,Product Analyst,,До року,,500 - 1000
2022_H1,Product Analyst,,4-6 років,,1000 - 1500
2022_H1,Product Analyst,,1-3 роки,,2500 - 3000
2022_H1,Business Analyst,,7-10 років,,3000 - 3500
2022_H1,Product Analyst,,1-3 роки,,3000 - 3500
2022_H1,Business Analyst,,До року,,0 - 500
2022_H1,Business Analyst,,7-10 років,,6000 - 6500
2022_H1,Business Analyst,,7-10 років,,5000 - 5500
2022_H1,Business Analyst,,7-10 років,,500 - 1000
2022_H1,Business Analyst,,7-10 років,,4500 - 5000
2022_H1,Data Analyst,,7-10 років,,4000 - 4500
2022_H1,Business Analyst,,До року,,1000 - 1500
2022_H1,Business Analyst,,7-10 років,,4000 - 4500
2022_H1,Business Analyst,,7-10 років,,3000 - 3500
2022_H1,Product Analyst,,7-10 років,,2500 - 3000
2022_H1,Business Analyst,,7-10 років,,2500 - 3000
2022_H1,BI Analyst,,7-10 років,,1500 - 2000
2022_H1,System Analyst,,7-10 років,,1000 - 1500
2022_H1,Data Analyst,,7-10 років,,1000 - 1500
2022_H1,Business Analyst,,7-10 років,,3500 - 4000
2022_H1,Business Analyst,,7-10 років,,0 - 500
2022_H1,Data Analyst,,До року,,1000 - 1500
2022_H1,Data Analyst,,До року,,1500 - 2000
2022_H1,Business Analyst,,1-3 роки,,1500 - 2000
2022_H1,Business Analyst,,1-3 роки,,3000 - 3500
2022_H1,BI Analyst,,1-3 роки,,1500 - 2000
2022_H1,System Analyst,,1-3 роки,,1000 - 1500
2022_H1,Product Analyst,,1-3 роки,,1000 - 1500
2022_H1,Data Analyst,,1-3 роки,,1000 - 1500
2022_H1,Business Analyst,,До року,,1500 - 2000
2022_H1,Business Analyst,,1-3 роки,,1000 - 1500
2022_H1,Business Analyst,,1-3 роки,,0 - 500
2022_H1,System Analyst,,До року,,500 - 1000
2022_H1,Data Analyst,,До року,,500 - 1000
2022_H1,Business Analyst,,До року,,500 - 1000
2022_H1,System Analyst,,До року,,2000 - 2500
2022_H1,Product Analyst,,До року,,1500 - 2000
2022_H1,BI Analyst,,1-3 роки,,1000 - 1500
2022_H1,Product Analyst,,4-6 років,,6500 +
2022_H1,System Analyst,,До року,,0 - 500
2022_H1,Data Analyst,,4-6 років,,6500 +
2022_H1,Product Analyst,,4-6 років,,2000 - 2500
2022_H1,Business Analyst,,4-6 років,,2000 - 2500
2022_H1,System Analyst,,4-6 років,,1500 - 2000
2022_H1,Data Analyst,,4-6 років,,1500 - 2000
2022_H1,Data Analyst,,4-6 років,,1000 - 1500
2022_H1,Business Analyst,,15  і більше років,,2500 - 3000
2022_H1,Business Analyst,,10+ років,,4500 - 5000
2022_H1,Business Analyst,,10+ років,,3500 - 4000
2022_H1,Business Analyst,,10+ років,,3000 - 3500
2022_H1,System Analyst,,1-3 роки,,500 - 1000
2022_H1,Product Analyst,,1-3 роки,,500 - 1000
2022_H1,Data Analyst,,1-3 роки,,500 - 1000
2022_H1,Business Analyst,,1-3 роки,,500 - 1000
2022_H1,Data Analyst,,1-3 роки,,3500 - 4000
2022_H1,Business Analyst,,1-3 роки,,3500 - 4000
2022_H1,BI Analyst,,4-6 років,,2500 - 3000
2022_H1,Business Analyst,,4-6 років,,2500 - 3000
2022_H1,Business Analyst,,15  і більше років,,4000 - 4500
2022_H1,Data Analyst,,4-6 років,,2500 - 3000
2022_H1,System Analyst,,4-6 років,,5000 - 5500
2022_H1,Business Analyst,,4-6 років,,5000 - 5500
2022_H1,Business Analyst,,4-6 років,,500 - 1000
2022_H1,Business Analyst,,4-6 років,,4500 - 5000
2022_H1,Data Analyst,,4-6 років,,4000 - 4500
2022_H1,System Analyst,,4-6 років,,3500 - 4000
2022_H1,Data Analyst,,4-6 років,,3500 - 4000
2022_H1,Business Analyst,,4-6 років,,4000 - 4500
2022_H1,BI Analyst,,4-6 років,,3500 - 4000
2022_H1,Data Analyst,,4-6 років,,3000 - 3500
2022_H1,Business Analyst,,4-6 років,,3000 - 3500
2022_H1,BI Analyst,,4-6 років,,3000 - 3500
2022_H1,Product Analyst,,4-6 років,,2500 - 3000
2022_H1,Business Analyst,,4-6 років,,3500 - 4000
2024_H2,BA (Business Analyst),Senior,,9.0,4000.0
2024_H2,BA (Business Analyst),Middle,,3.0,1800.0
2024_H2,BA (Business Analyst),Middle,,6.0,2600.0
2024_H2,BA (Business Analyst),Junior,,1.0,1700.0
2024_H2,Data Analyst,Middle,,1.5,1750.0
2024_H2,Data Analyst,Middle,,2.0,1500.0
2024_H2,BA (Business Analyst),Junior,,3.0,2600.0
2024_H2,Data Analyst,Lead/Team Lead,,8.0,5000.0
2024_H2,Data Analyst,Lead/Team Lead,,10.0,3600.0
2024_H2,BA (Business Analyst),Middle,,10.0,3800.0
2024_H2,Product Analyst,Middle,,3.0,3000.0
2024_H2,Marketing Data Analyst / Marketing Analyst,Junior,,0.5,650.0
2024_H2,Data Analyst,Немає тайтлу,,1.0,800.0
2024_H2,Security Analyst / SOC Analyst,Junior,,1.0,800.0
2024_H2,System Analyst,Немає тайтлу,,4.0,1500.0
2024_H2,BA (Business Analyst),Lead/Team Lead,,7.0,3600.0
2024_H2,Data Analyst,Middle,,4.0,1700.0
2024_H2,Data Analyst,Junior,,1.5,1000.0
2024_H2,BI Analyst,Junior,,1.0,900.0
2024_H2,Product Analyst,Middle,,2.0,1800.0
2024_H2,BA (Business Analyst),Lead/Team Lead,,5.0,4000.0
2024_H2,BA (Business Analyst),Senior,,9.0,3995.0
2024_H2,BA (Business Analyst),Middle,,4.0,2000.0
2024_H2,BA (Business Analyst),Middle,,1.5,1500.0
2024_H2,BA (Business Analyst),Lead/Team Lead,,5.0,3700.0
2024_H2,BA (Business Analyst),Senior,,6.0,2500.0
2024_H2,BA (Business Analyst),Senior,,3.0,3500.0
2024_H2,BA (Business Analyst),Немає тайтлу,,4.0,2800.0
2024_H2,Data Analyst,Lead/Team Lead,,5.0,4000.0
2024_H2,BA (Business Analyst),Senior,,4.0,4000.0
2024_H2,Security Analyst / SOC Analyst,Junior,,2.0,1300.0
2024_H2,BA (Business Analyst),Senior,,8.0,4500.0
2024_H2,BA (Business Analyst),Немає тайтлу,,2.0,1150.0
2024_H2,BA (Business Analyst),Senior,,10.0,7000.0
2024_H2,Security Analyst / SOC Analyst,Middle,,6.0,1500.0
2024_H2,BA (Business Analyst),Senior,,6.0,3000.0
2024_H2,Data Analyst,Немає тайтлу,,5.0,2500.0
2024_H2,System Analyst,Middle,,7.0,1300.0
2024_H2,Data Analyst,Lead/Team Lead,,6.0,1760.0
2024_H2,System Analyst,Middle,,2.0,2000.0
2024_H2,Data Analyst,Middle,,4.0,2300.0
2024_H2,Data Analyst,Junior,,0.25,720.0
2024_H2,BA (Business Analyst),Senior,,4.0,2700.0
2024_H2,Operations Analyst,Middle,,3.0,2014.0
2024_H2,BA (Business Analyst),Middle,,3.0,1700.0
2024_H2,Marketing Data Analyst / Marketing Analyst,Немає тайтлу,,1.0,1430.0
2024_H2,BA (Business Analyst),Middle,,4.0,2184.0
2024_H2,Data Analyst,Middle,,3.0,2500.0
2024_H2,BA (Business Analyst),Senior,,8.0,3500.0
2024_H2,Data Analyst,Junior,,1.0,800.0
2024_H2,BA (Business Analyst),Middle,,3.0,2300.0
2024_H2,BA (Business Analyst),Middle,,3.0,2660.0
2024_H2,BA (Business Analyst),Middle,,5.0,3500.0
2024_H2,BA (Business Analyst),Немає тайтлу,,5.0,2000.0
2024_H2,BA (Business Analyst),Немає тайтлу,,2.0,1600.0
2024_H2,BA (Business Analyst),Senior,,6.0,4100.0
2024_H2,Data Analyst,Senior,,4.0,1800.0
2024_H2,BI Analyst,Middle,,2.0,2000.0
2024_H2,Data Analyst,Middle,,5.0,3500.0
2024_H2,BI Analyst,Junior,,1.5,775.0
2024_H2,BA (Business Analyst),Middle,,5.0,3000.0
2024_H2,Web Analyst,Junior,,0.5,700.0
2024_H2,BA (Business Analyst),Middle,,6.0,1792.0
2024_H2,System Analyst,Middle,,3.0,2000.0
2024_H2,System Analyst,Lead/Team Lead,,15.0,4250.0
2024_H2,BA (Business Analyst),Senior,,4.0,4700.0
2024_H2,Data Analyst,Middle,,2.0,450.41
2024_H2,BA (Business Analyst),Немає тайтлу,,6.0,3400.0
2024_H2,Web Analyst,Lead/Team Lead,,12.0,3025.0
2024_H2,BA (Business Analyst),Middle,,3.0,3000.0
2024_H2,Data Analyst,Немає тайтлу,,1.0,1204.0
2024_H2,BA (Business Analyst),Middle,,1.0,1900.0
2024_H2,Data Analyst,Middle,,3.0,1000.0
2024_H2,Financial Analyst,Middle,,6.0,750.0
2024_H2,BA (Business Analyst),Middle,,2.0,2900.0
2024_H2,Data Analyst,Middle,,3.0,1787.0
2024_H2,Data Analyst,Немає тайтлу,,4.0,1350.0
2024_H2,System Analyst,Middle,,5.0,2400.0
2024_H2,BA (Business Analyst),Senior,,8.0,3000.0
2024_H2,BA (Business Analyst),Intern/Trainee,,0.25,550.0
2024_H2,Data Analyst,Middle,,5.0,3700.0
2024_H2,BA (Business Analyst),Junior,,0.1,1100.0
2024_H2,Investment Analyst,Middle,,1.5,1600.0
2024_H2,BA (Business Analyst),Немає тайтлу,,6.0,1500.0
2024_H2,BA (Business Analyst),Middle,,5.0,2200.0
2024_H2,Data Analyst,Junior,,1.5,1250.0
2024_H2,BA (Business Analyst),Middle,,4.0,2900.0
2024_H2,Data Analyst,Junior,,1.0,675.0
2024_H2,Data Analyst,Lead/Team Lead,,14.0,3580.0
2024_H2,BA (Business Analyst),Senior,,5.0,3600.0
2024_H2,Data Analyst,Middle,,3.0,2800.0
2024_H2,Data Analyst,Senior,,5.0,4000.0
2024_H2,Product Analyst,Senior,,6.0,4500.0
2024_H2,BA (Business Analyst),Lead/Team Lead,,8.0,5000.0
2024_H2,BA (Business Analyst),Senior,,6.0,4207.0
2024_H2,BA (Business Analyst),Senior,,15.0,4300.0
2024_H2,Data Analyst,Middle,,4.0,700.0
2024_H2,Operations Analyst,Немає тайтлу,,0.1,2750.0
2024_H2,BA (Business Analyst),Lead/Team Lead,,7.0,2500.0
2024_H2,Data Analyst,Middle,,4.0,850.0
2024_H2,Product Analyst,Немає тайтлу,,4.0,3500.0
2024_H2,BA (Business Analyst),Немає тайтлу,,3.0,1800.0
2024_H2,BA (Business Analyst),Немає тайтлу,,1.0,900.0
2024_H2,BA (Business Analyst),Senior,,3.0,3500.0
2024_H2,BA (Business Analyst),Junior,,1.0,1425.0
2024_H2,BA (Business Analyst),Немає тайтлу,,4.0,1200.0
2024_H2,BA (Business Analyst),Junior,,1.0,830.0
2024_H2,Financial Analyst,Middle,,2.0,1500.0
2024_H2,Data Analyst,Middle,,3.0,2000.0
2024_H2,BA (Business Analyst),Middle,,3.0,2000.0
2024_H2,BA (Business Analyst),Senior,,6.0,3000.0
2024_H2,BA (Business Analyst),Senior,,3.0,4100.0
2024_H2,Data Analyst,Junior,,0.5,850.0
2024_H2,Financial Analyst,Немає тайтлу,,13.0,3600.0
2024_H2,BA (Business Analyst),Senior,,8.0,5600.0
2024_H2,BA (Business Analyst),Senior,,10.0,3500.0
2024_H2,Marketing Data Analyst / Marketing Analyst,Senior,,3.0,3000.0
2024_H2,BA (Business Analyst),Senior,,6.0,3900.0
2024_H2,Data Analyst,Junior,,3.0,1000.0
2024_H2,BA (Business Analyst),Junior,,0.5,850.0
2024_H2,BA (Business Analyst),Junior,,1.0,840.0
2024_H2,Data Analyst,Junior,,2.0,2411.0
2024_H2,BI Analyst,Немає тайтлу,,5.0,3100.0
2024_H2,System Analyst,Intern/Trainee,,0.25,350.0
2024_H2,Data Analyst,Junior,,0.5,900.0
2024_H2,BA (Business Analyst),Lead/Team Lead,,3.0,3500.0
2024_H2,Data Analyst,Немає тайтлу,,1.0,1100.0
2024_H2,BA (Business Analyst),Немає тайтлу,,1.5,1971.0
2024_H2,BA (Business Analyst),Middle,,2.0,1750.0
2024_H2,BA (Business Analyst),Senior,,6.0,3900.0
2024_H2,BA (Business Analyst),Middle,,5.0,1500.0
2024_H2,BA (Business Analyst),Lead/Team Lead,,12.0,4000.0
2024_H2,Data Analyst,Middle,,3.0,2000.0
2024_H2,BA (Business Analyst),Middle,,3.0,10000.0
2024_H2,Product Analyst,Middle,,3.0,2300.0
2024_H2,BA (Business Analyst),Middle,,1.5,2600.0
2024_H2,Data Analyst,Middle,,5.0,3100.0
2024_H2,BA (Business Analyst),Lead/Team Lead,,5.0,5500.0
2024_H2,Product Analyst,Junior,,2.0,1400.0
2024_H2,System Analyst,Senior,,10.0,7000.0
2024_H2,BA (Business Analyst),Немає тайтлу,,11.0,2500.0
2024_H2,BA (Business Analyst),Junior,,2.0,1000.0
2024_H2,Data Analyst,Middle,,3.0,3100.0
2024_H2,BI Analyst,Lead/Team Lead,,15.0,1500.0
2024_H2,System Analyst,Junior,,0.5,900.0
2024_H2,Performance Analyst,Middle,,3.0,1900.0
2024_H2,BA (Business Analyst),Middle,,5.0,2185.0
2024_H2,BA (Business Analyst),Senior,,7.0,5200.0
2024_H2,Game Analyst,Middle,,7.0,400.0
2024_H2,Data Analyst,Немає тайтлу,,5.0,3000.0
2024_H2,Data Analyst,Немає тайтлу,,2.0,1900.0
2024_H2,BA (Business Analyst),Senior,,6.0,3280.0
2024_H2,BA (Business Analyst),Middle,,4.0,1850.0
2024_H2,System Analyst,Middle,,2.0,1200.0
2024_H2,Product Analyst,Senior,,6.0,4200.0
2024_H2,Data Analyst,Немає тайтлу,,3.0,1200.0
2024_H2,BA (Business Analyst),Middle,,5.0,3300.0
2024_H2,Data Analyst,Senior,,4.0,4200.0
2024_H2,Operations Analyst,Middle,,2.0,2100.0
2024_H2,Data Analyst,Junior,,0.5,1250.0
2024_H2,BA (Business Analyst),Lead/Team Lead,,6.0,3700.0
2024_H2,Marketing Data Analyst / Marketing Analyst,Middle,,1.5,3500.0
2024_H2,BA (Business Analyst),Middle,,4.0,1000.0
2024_H2,BA (Business Analyst),Intern/Trainee,,0.1,480.0
2024_H2,BA (Business Analyst),Middle,,4.0,2700.0
2024_H2,System Analyst,Lead/Team Lead,,4.0,2400.0
2024_H2,Product Analyst,Lead/Team Lead,,15.0,4000.0
2024_H2,System Analyst,Junior,,0.5,900.0
2024_H2,Data Analyst,Intern/Trainee,,0.1,344.0
2024_H2,BA (Business Analyst),Lead/Team Lead,,12.0,6000.0
2024_H2,BA (Business Analyst),Senior,,3.0,1880.0
2024_H2,BA (Business Analyst),Немає тайтлу,,1.0,1400.0
2024_H2,Data Analyst,Middle,,5.0,3000.0
2024_H2,BA (Business Analyst),Middle,,2.0,2200.0
2024_H2,HR Analyst / People Analyst,Middle,,2.0,2000.0
2024_H2,System Analyst,Junior,,1.5,700.0
2024_H2,Web Analyst,Senior,,4.0,3200.0
2024_H2,BA (Business Analyst),Немає тайтлу,,7.0,3000.0
2024_H2,BA (Business Analyst),Senior,,8.0,4300.0
2024_H2,Data Analyst,Senior,,5.0,3200.0
2024_H2,BA (Business Analyst),Senior,,6.0,3800.0
2024_H2,BA (Business Analyst),Senior,,7.0,7100.0
2024_H2,BA (Business Analyst),Lead/Team Lead,,15.0,6000.0
2024_H2,BA (Business Analyst),Middle,,4.0,2400.0
2024_H2,Product Analyst,Junior,,0.25,1000.0
2024_H2,BA (Business Analyst),Middle,,2.0,2100.0
2024_H2,BA (Business Analyst),Немає тайтлу,,3.0,1935.0
2024_H2,BA (Business Analyst),Intern/Trainee,,0.25,180.0
2024_H2,Data Analyst,Middle,,1.5,1800.0
2024_H2,Data Analyst,Lead/Team Lead,,4.0,6250.0
2024_H2,Operations Analyst,Немає тайтлу,,3.0,1920.0
2024_H2,Data Analyst,Senior,,4.0,1300.0
2024_H2,Data Analyst,Lead/Team Lead,,8.0,10000.0
2024_H2,BA (Business Analyst),Middle,,2.0,2300.0
2024_H2,BA (Business Analyst),Senior,,4.0,3500.0
2024_H2,BI Analyst,Middle,,3.0,1250.0
2024_H2,BA (Business Analyst),Lead/Team Lead,,7.0,5000.0
2024_H2,Research Analyst,Junior,,1.0,700.0
2024_H2,Web Analyst,Middle,,1.0,1832.0
2024_H2,BA (Business Analyst),Junior,,0.25,600.0
2024_H2,Data Analyst,Немає тайтлу,,0.25,666.0
2024_H2,Data Analyst,Lead/Team Lead,,8.0,5500.0
2024_H2,BA (Business Analyst),Middle,,4.0,1900.0
2024_H2,BI Analyst,Lead/Team Lead,,9.0,4500.0
2024_H2,BA (Business Analyst),Senior,,15.0,5000.0
2024_H2,BA (Business Analyst),Middle,,3.0,2100.0
2024_H2,Security Analyst / SOC Analyst,Junior,,1.5,500.0
2024_H2,Product Analyst,Junior,,2.0,1600.0
2024_H2,BA (Business Analyst),Middle,,5.0,3000.0
2024_H2,BA (Business Analyst),Senior,,7.0,4800.0
2024_H2,BA (Business Analyst),Junior,,1.0,1045.0
2024_H2,Data Analyst,Middle,,1.5,1200.0
2024_H2,Data Analyst,Middle,,3.0,2800.0
2024_H2,BA (Business Analyst),Senior,,8.0,4050.0
2024_H2,BA (Business Analyst),Junior,,1.0,800.0
2024_H2,BA (Business Analyst),Middle,,5.0,1460.0
2024_H2,Data Analyst,Middle,,0.5,950.0
2024_H2,Performance Analyst,Middle,,6.0,2300.0
2024_H2,BA (Business Analyst),Junior,,1.0,1000.0
2024_H2,BA (Business Analyst),Junior,,0.5,600.0
2024_H2,Financial Analyst,Senior,,7.0,3000.0
2024_H2,BA (Business Analyst),Senior,,7.0,3000.0
2024_H2,BA (Business Analyst),Middle,,3.0,2100.0
2024_H2,BA (Business Analyst),Middle,,2.0,2000.0
2024_H2,Product Analyst,Senior,,5.0,2900.0
2024_H2,BA (Business Analyst),Junior,,0.5,650.0
2024_H2,Data Analyst,Senior,,10.0,2100.0
2024_H2,Marketing Data Analyst / Marketing Analyst,Junior,,0.5,960.0
2024_H2,BA (Business Analyst),Junior,,0.25,678.0
2024_H2,Data Analyst,Junior,,0.1,880.0
2024_H2,BA (Business Analyst),Lead/Team Lead,,5.0,4750.0
2024_H2,BA (Business Analyst),Middle,,4.0,3900.0
2024_H2,Data Analyst,Middle,,3.0,4000.0
2024_H2,BA (Business Analyst),Senior,,8.0,6000.0
2024_H2,Data Analyst,Junior,,0.25,500.0
2024_H2,Data Analyst,Middle,,5.0,1700.0
2024_H2,Data Analyst,Senior,,6.0,5000.0
2024_H2,BA (Business Analyst),Senior,,4.0,3700.0
2024_H2,Data Analyst,Middle,,3.0,2350.0
2024_H2,Financial Analyst,Немає тайтлу,,1.5,1000.0
2024_H2,BA (Business Analyst),Middle,,5.0,2500.0
2024_H2,BA (Business Analyst),Middle,,5.0,3150.0
2024_H2,BA (Business Analyst),Middle,,6.0,2400.0
2024_H2,Data Analyst,Junior,,0.5,630.0
2024_H2,Data Analyst,Middle,,3.0,1250.0
2024_H2,BA (Business Analyst),Lead/Team Lead,,11.0,5950.0
2024_H2,BA (Business Analyst),Lead/Team Lead,,5.0,2500.0
2024_H2,BA (Business Analyst),Middle,,2.0,1300.0
2024_H2,Data Analyst,Middle,,1.5,950.0
2024_H2,Product Analyst,Middle,,3.0,2200.0
2024_H2,BA (Business Analyst),Middle,,4.0,1200.0
2024_H2,System Analyst,Senior,,5.0,3370.0
2024_H2,Financial Analyst,Немає тайтлу,,3.0,833.0
2024_H2,Product Analyst,Middle,,2.0,3000.0
2024_H2,BA (Business Analyst),Middle,,7.0,3500.0
2024_H2,BA (Business Analyst),Lead/Team Lead,,10.0,6500.0
2024_H2,BA (Business Analyst),Senior,,7.0,3700.0
2024_H2,System Analyst,Senior,,15.0,4000.0
2024_H2,Data Analyst,Junior,,1.0,900.0
2024_H2,BA (Business Analyst),Middle,,2.0,1200.0
2024_H2,Financial Analyst,Senior,,6.0,2040.0
2024_H2,BA (Business Analyst),Middle,,3.0,4000.0
2024_H2,Product Analyst,Middle,,1.0,1585.0
2024_H2,Product Analyst,Middle,,3.0,3000.0
2024_H2,Data Analyst,Junior,,0.25,713.0
2024_H2,BA (Business Analyst),Middle,,7.0,1750.0
2024_H2,BA (Business Analyst),Senior,,3.0,3200.0
2024_H2,Financial Analyst,Lead/Team Lead,,10.0,3300.0
2024_H2,BA (Business Analyst),Немає тайтлу,,5.0,3000.0
2024_H2,Web Analyst,Junior,,1.0,760.0
2024_H2,Financial Analyst,Junior,,1.0,650.0
2024_H2,Product Analyst,Middle,,5.0,3200.0
2024_H2,Security Analyst / SOC Analyst,Senior,,6.0,3200.0
2024_H2,BA (Business Analyst),Junior,,2.0,1270.0
2024_H2,Marketing Data Analyst / Marketing Analyst,Junior,,1.5,1200.0
2024_H2,Data Analyst,Немає тайтлу,,2.0,1800.0
2024_H2,BA (Business Analyst),Junior,,2.0,750.0
2024_H2,Financial Analyst,Junior,,1.0,700.0
2024_H2,Security Analyst / SOC Analyst,Junior,,1.0,600.0
2024_H2,Data Analyst,Немає тайтлу,,6.0,1400.0
2024_H2,BA (Business Analyst),Middle,,4.0,1600.0
2024_H2,BA (Business Analyst),Немає тайтлу,,3.0,1540.0
2024_H2,BA (Business Analyst),Junior,,2.0,1100.0
2024_H2,BA (Business Analyst),Senior,,9.0,4600.0
2024_H2,Product Analyst,Middle,,1.5,2800.0
2024_H2,BI Analyst,Junior,,1.0,1300.0
2024_H2,Product Analyst,Middle,,4.0,3200.0
2024_H2,BA (Business Analyst),Middle,,1.5,1500.0
2024_H2,BA (Business Analyst),Senior,,10.0,4800.0
2024_H2,Data Analyst,Junior,,0.25,1500.0
2024_H2,Performance Analyst,Middle,,2.0,2600.0
2024_H2,BA (Business Analyst),Немає тайтлу,,2.0,705.0
2024_H2,Data Analyst,Senior,,5.0,3500.0
2024_H2,Data Analyst,Junior,,0.5,900.0
2024_H2,Security Analyst / SOC Analyst,Junior,,1.0,1600.0
2024_H2,BA (Business Analyst),Middle,,2.0,1700.0
2024_H2,Data Analyst,Junior,,0.5,800.0
2024_H2,BA (Business Analyst),Middle,,3.0,2000.0
2024_H2,BA (Business Analyst),Middle,,5.0,550.0
2024_H2,Marketing Data Analyst / Marketing Analyst,Middle,,1.5,2000.0
2024_H2,Performance Analyst,Senior,,4.0,2200.0
2024_H2,BA (Business Analyst),Senior,,7.0,2000.0
2024_H2,BA (Business Analyst),Senior,,3.0,3000.0
2024_H2,BI Analyst,Middle,,4.0,806.0
2024_H2,BA (Business Analyst),Middle,,5.0,3600.0
2024_H2,BA (Business Analyst),Senior,,10.0,3500.0
2024_H2,BI Analyst,Middle,,5.0,2400.0
2024_H2,Data Analyst,Junior,,0.5,750.0
2024_H2,BA (Business Analyst),Junior,,1.5,1000.0
2024_H2,BA (Business Analyst),Middle,,3.0,2700.0
2024_H2,System Analyst,Senior,,4.0,2400.0
2024_H2,Operations Analyst,Middle,,2.0,2000.0
2024_H2,Data Analyst,Middle,,1.0,1200.0
2024_H2,BA (Business Analyst),Middle,,4.0,3500.0
2024_H2,BA (Business Analyst),Middle,,2.0,1850.0
2024_H2,BA (Business Analyst),Middle,,4.0,2500.0
2024_H2,BA (Business Analyst),Middle,,5.0,4400.0
2024_H2,BI Analyst,Lead/Team Lead,,1.0,2000.0
2024_H2,BA (Business Analyst),Junior,,0.1,1000.0
2024_H2,BA (Business Analyst),Middle,,2.0,2500.0
2024_H2,Data Analyst,Junior,,1.0,900.0
2024_H2,System Analyst,Tech Lead,,7.0,4000.0
2024_H2,BA (Business Analyst),Senior,,4.0,3100.0
2024_H2,BA (Business Analyst),Lead/Team Lead,,7.0,1500.0
2024_H2,BA (Business Analyst),Middle,,3.0,1900.0
2024_H2,Data Analyst,Senior,,2.0,8000.0
2024_H2,Software Analyst,Middle,,1.5,1360.0
2024_H2,BA (Business Analyst),Middle,,3.0,2850.0
2024_H2,BI Analyst,Middle,,4.0,3200.0
2024_H2,BA (Business Analyst),Немає тайтлу,,1.5,1200.0
2024_H2,BA (Business Analyst),Lead/Team Lead,,15.0,4600.0
2024_H2,BA (Business Analyst),Middle,,6.0,4100.0
2024_H2,System Analyst,Lead/Team Lead,,5.0,4000.0
2024_H2,BA (Business Analyst),Junior,,3.0,1900.0
2024_H2,Operations Analyst,Junior,,1.0,1250.0
2024_H2,BA (Business Analyst),Senior,,5.0,5500.0
2024_H2,BA (Business Analyst),Senior,,8.0,3000.0
2024_H2,Data Analyst,Senior,,5.0,3000.0
2024_H2,BA (Business Analyst),Middle,,10.0,3000.0
2024_H2,BA (Business Analyst),Middle,,2.0,2600.0
2024_H2,Product Analyst,Junior,,0.1,1450.0
2024_H2,BA (Business Analyst),Middle,,6.0,3300.0
2024_H2,BA (Business Analyst),Middle,,7.0,1470.0
2024_H2,BA (Business Analyst),Senior,,3.0,3700.0
2024_H2,BA (Business Analyst),Senior,,5.0,3500.0
2024_H2,Data Analyst,Немає тайтлу,,1.5,1600.0
2024_H2,Data Analyst,Junior,,0.25,1500.0
2024_H2,BA (Business Analyst),Senior,,12.0,4200.0
2024_H2,BA (Business Analyst),Senior,,15.0,4200.0
2024_H2,BA (Business Analyst),Middle,,3.0,1100.0
2024_H2,BA (Business Analyst),Немає тайтлу,,3.0,1440.0
2024_H2,BA (Business Analyst),Senior,,4.0,4200.0
2024_H2,System Analyst,Senior,,5.0,3000.0
2024_H2,BA (Business Analyst),Middle,,2.0,3000.0
2024_H2,BI Analyst,Senior,,7.0,2500.0
2024_H2,BA (Business Analyst),Lead/Team Lead,,4.0,2100.0
2024_H2,BA (Business Analyst),Middle,,3.0,2300.0
2024_H2,System Analyst,Middle,,6.0,700.0
2024_H2,Security Analyst / SOC Analyst,Middle,,1.5,2700.0
2024_H2,BA (Business Analyst),Middle,,5.0,2250.0
2024_H2,BA (Business Analyst),Lead/Team Lead,,6.0,1900.0
2024_H2,Financial Analyst,Junior,,0.5,740.0
2024_H2,Anti-Fraud Analyst,Middle,,1.0,1300.0
2024_H2,Data Analyst,Middle,,3.0,1600.0
2024_H2,BA (Business Analyst),Middle,,2.0,1850.0
2024_H2,Data Analyst,Junior,,1.0,1100.0
2024_H2,Data Analyst,Немає тайтлу,,3.0,3500.0
2024_H2,Data Analyst,Junior,,1.0,960.0
2024_H2,Data Analyst,Junior,,1.5,600.0
2024_H2,Data Analyst,Middle,,2.0,1200.0
2024_H2,BA (Business Analyst),Middle,,1.5,1200.0
2024_H2,Data Analyst,Middle,,2.0,2100.0
2024_H2,Data Analyst,Middle,,2.0,1150.0
2024_H2,BA (Business Analyst),Senior,,4.0,3500.0
2024_H2,BA (Business Analyst),Middle,,3.0,2600.0
2024_H2,BA (Business Analyst),Немає тайтлу,,5.0,3300.0
2024_H2,Data Analyst,Senior,,5.0,4000.0
2024_H2,BA (Business Analyst),Senior,,8.0,3300.0
2024_H2,Data Analyst,Middle,,15.0,1150.0
2024_H2,Data Analyst,Middle,,5.0,2500.0
2024_H2,Data Analyst,Middle,,5.0,1700.0
2024_H2,BA (Business Analyst),Junior,,1.0,1100.0
2024_H2,Product Analyst,Junior,,0.1,820.0
2024_H2,BA (Business Analyst),Senior,,10.0,4500.0
2024_H2,BA (Business Analyst),Middle,,5.0,3200.0
2024_H2,BA (Business Analyst),Senior,,15.0,6000.0
2024_H2,Data Analyst,Intern/Trainee,,0.1,550.0
2024_H2,BA (Business Analyst),Junior,,3.0,1200.0
2024_H2,BA (Business Analyst),Middle,,1.0,1100.0
2024_H2,BA (Business Analyst),Junior,,2.0,1000.0
2024_H2,BA (Business Analyst),Middle,,1.5,1200.0
2024_H2,BA (Business Analyst),Senior,,7.0,5000.0
2024_H2,BA (Business Analyst),Senior,,10.0,2000.0
2024_H2,BA (Business Analyst),Middle,,4.0,3000.0
2024_H2,BA (Business Analyst),Senior,,9.0,3553.0
2024_H2,BA (Business Analyst),Senior,,6.0,4700.0
2024_H2,BA (Business Analyst),Senior,,7.0,3200.0
2024_H2,BA (Business Analyst),Lead/Team Lead,,9.0,4500.0
2024_H2,BA (Business Analyst),Middle,,5.0,1500.0
2024_H2,BA (Business Analyst),Немає тайтлу,,5.0,1200.0
2024_H2,Security Analyst / SOC Analyst,Middle,,3.0,2300.0
2024_H2,Data Analyst,Middle,,5.0,1300.0
2024_H2,Data Analyst,Junior,,3.0,700.0
2024_H2,Product Analyst,Middle,,4.0,3500.0
2024_H2,BA (Business Analyst),Middle,,1.0,1050.0
2024_H2,BA (Business Analyst),Lead/Team Lead,,5.0,4300.0
2024_H2,BI Analyst,Middle,,2.0,1800.0
2024_H2,BI Analyst,Middle,,4.0,2400.0
2024_H2,Product Analyst,Немає тайтлу,,5.0,4000.0
2024_H2,Data Analyst,Senior,,4.0,1600.0
2024_H2,Data Analyst,Middle,,2.0,1700.0
2024_H2,Product Analyst,Middle,,3.0,1650.0
2024_H2,Data Analyst,Junior,,1.0,874.0
2024_H2,BA (Business Analyst),Middle,,4.0,2850.0
2024_H2,BA (Business Analyst),Middle,,1.5,1800.0
2024_H2,Data Analyst,Middle,,1.0,1100.0
2024_H2,Product Analyst,Middle,,3.0,2709.0
2024_H2,BA (Business Analyst),Middle,,3.0,2500.0
2024_H2,Marketing Data Analyst / Marketing Analyst,Junior,,0.25,1200.0
2024_H2,Data Analyst,Middle,,2.0,2700.0
2024_H2,BA (Business Analyst),Middle,,5.0,2700.0
2024_H2,Product Analyst,Lead/Team Lead,,3.0,5000.0
2024_H2,Product Analyst,Middle,,3.0,3000.0
2024_H2,Data Analyst,Middle,,4.0,2305.0
2024_H2,Data Analyst,Junior,,1.5,1568.0
2024_H2,BA (Business Analyst),Senior,,8.0,4000.0
2024_H2,BA (Business Analyst),Middle,,3.0,2000.0
2024_H2,BA (Business Analyst),Middle,,3.0,3500.0
2024_H2,BA (Business Analyst),Senior,,5.0,3500.0
2024_H2,BA (Business Analyst),Middle,,4.0,2700.0
2024_H2,Financial Analyst,Senior,,10.0,2300.0
2024_H2,Product Analyst,Middle,,3.0,1400.0
2024_H2,BA (Business Analyst),Senior,,2.0,4300.0
2024_H2,BA (Business Analyst),Senior,,6.0,1300.0
2024_H2,BA (Business Analyst),Middle,,4.0,2500.0
2024_H2,BI Analyst,Немає тайтлу,,5.0,3270.0
2024_H2,BA (Business Analyst),Senior,,7.0,3100.0
2024_H2,Data Analyst,Middle,,2.0,450.0
2024_H2,BI Analyst,Junior,,2.0,2000.0
2024_H2,Data Analyst,Senior,,4.0,3200.0
2024_H2,Data Analyst,Junior,,1.0,1000.0
2024_H2,Data Analyst,Middle,,3.0,2600.0
2024_H2,BA (Business Analyst),Senior,,3.0,4000.0
2024_H2,BA (Business Analyst),Middle,,2.0,2000.0
2024_H2,Data Analyst,Senior,,7.0,4160.0
2024_H2,Data Analyst,Junior,,0.5,1200.0
2024_H2,BA (Business Analyst),Middle,,6.0,2000.0
2024_H2,Data Analyst,Junior,,0.1,950.0
2024_H2,BA (Business Analyst),Middle,,2.0,2000.0
2024_H2,Data Analyst,Junior,,1.0,1200.0
2024_H2,BA (Business Analyst),Middle,,3.0,2500.0
2024_H2,BI Analyst,Middle,,2.0,1730.0
2024_H2,BA (Business Analyst),Junior,,2.0,2050.0
2024_H2,System Analyst,Middle,,4.0,1680.0
2024_H2,BA (Business Analyst),Middle,,2.0,2900.0
2024_H2,Data Analyst,Senior,,8.0,3000.0
2024_H2,Data Analyst,Немає тайтлу,,6.0,2520.0
2024_H2,BA (Business Analyst),Senior,,5.0,3000.0
2024_H2,BA (Business Analyst),Middle,,3.0,1300.0
2024_H2,BA (Business Analyst),Middle,,3.0,2300.0
2024_H2,BA (Business Analyst),Junior,,0.5,400.0
2024_H2,BA (Business Analyst),Middle,,4.0,3000.0
2024_H2,Product Analyst,Junior,,2.0,1500.0
2024_H2,Security Analyst / SOC Analyst,Junior,,3.0,2000.0
2024_H2,BA (Business Analyst),Senior,,6.0,3515.0
2024_H2,Data Analyst,Middle,,2.0,1500.0
2024_H2,BA (Business Analyst),Senior,,5.0,2750.0
2024_H2,BA (Business Analyst),Middle,,4.0,1700.0
2024_H2,Security Analyst / SOC Analyst,Middle,,4.0,730.0
2024_H2,BA (Business Analyst),Middle,,5.0,3500.0
2024_H2,BA (Business Analyst),Principal,,8.0,6030.0
2024_H2,BA (Business Analyst),Senior,,6.0,5100.0
2024_H2,Data Analyst,Junior,,1.0,1600.0
2024_H2,System Analyst,Senior,,5.0,4650.0
2024_H2,BA (Business Analyst),Senior,,5.0,4300.0
2024_H2,BA (Business Analyst),Senior,,5.0,1900.0
2024_H2,Marketing Data Analyst / Marketing Analyst,Junior,,1.5,1500.0
2024_H2,Security Analyst / SOC Analyst,Middle,,1.5,1000.0
2024_H2,Data Analyst,Junior,,1.0,1076.0
2024_H2,Data Analyst,Middle,,5.0,2700.0
2024_H2,BA (Business Analyst),Senior,,8.0,4000.0
2024_H2,Data Analyst,Junior,,1.5,600.0
2024_H2,BA (Business Analyst),Middle,,4.0,1200.0
2024_H2,Data Analyst,Senior,,4.0,1666.0
2024_H2,Data Analyst,Middle,,4.0,2200.0
2024_H2,BA (Business Analyst),Middle,,3.0,1700.0
2024_H2,BA (Business Analyst),Middle,,1.5,2800.0
2024_H2,Product Analyst,Middle,,2.0,2000.0
2024_H2,Data Analyst,Junior,,2.0,1000.0
2024_H2,Data Analyst,Senior,,3.0,3600.0
2024_H2,Data Analyst,Middle,,2.0,1080.0
2024_H2,BA (Business Analyst),Senior,,7.0,3300.0
2024_H2,System Analyst,Senior,,15.0,950.0
2024_H2,BA (Business Analyst),Немає тайтлу,,3.0,3200.0
2024_H2,BA (Business Analyst),Junior,,1.5,1000.0
2024_H2,BA (Business Analyst),Senior,,10.0,5900.0
2024_H2,System Analyst,Senior,,7.0,3500.0
2024_H2,Research Analyst,Senior,,9.0,1500.0
2024_H2,BA (Business Analyst),Middle,,3.0,7800.0
2024_H2,Product Analyst,Junior,,1.5,1300.0
2024_H2,Game Analyst,Senior,,8.0,1400.0
2024_H2,BA (Business Analyst),Middle,,4.0,1800.0
2024_H2,BA (Business Analyst),Senior,,7.0,3500.0
2024_H2,BA (Business Analyst),Senior,,15.0,13000.0
2024_H2,Data Analyst,Senior,,3.0,3000.0
2024_H2,BA (Business Analyst),Lead/Team Lead,,6.0,3900.0
2024_H2,BA (Business Analyst),Немає тайтлу,,0.1,500.0
2024_H2,BA (Business Analyst),Senior,,5.0,5000.0
2024_H2,BA (Business Analyst),Middle,,3.0,4000.0
2024_H2,BA (Business Analyst),Senior,,10.0,3700.0
2024_H2,BI Analyst,Senior,,6.0,2500.0
2024_H2,BA (Business Analyst),Немає тайтлу,,8.0,2000.0
2024_H2,Product Analyst,Немає тайтлу,,5.0,3500.0
2024_H2,BA (Business Analyst),Junior,,3.0,1550.0
2024_H2,BA (Business Analyst),Lead/Team Lead,,7.0,3600.0
2024_H2,BA (Business Analyst),Middle,,4.0,2500.0
2024_H2,Data Analyst,Middle,,2.0,2250.0
2024_H2,Data Analyst,Middle,,5.0,3800.0
2024_H2,BA (Business Analyst),Junior,,0.5,600.0
2024_H2,Product Analyst,Junior,,1.5,1200.0
2024_H2,Data Analyst,Middle,,3.0,5300.0
2024_H2,Product Analyst,Middle,,2.0,1500.0
2024_H2,System Analyst,Lead/Team Lead,,15.0,4900.0
2024_H2,Marketing Data Analyst / Marketing Analyst,Middle,,3.0,1100.0
2024_H2,BA (Business Analyst),Senior,,3.0,2300.0
2024_H2,BA (Business Analyst),Middle,,3.0,3000.0
2024_H2,BA (Business Analyst),Intern/Trainee,,0.1,420.0
2024_H2,Product Analyst,Middle,,3.0,2100.0
2024_H2,BA (Business Analyst),Senior,,11.0,8000.0
2024_H2,BA (Business Analyst),Немає тайтлу,,3.0,1309.0
2024_H2,BA (Business Analyst),Lead/Team Lead,,5.0,4395.0
2024_H2,System Analyst,Senior,,3.0,4650.0
2024_H2,BA (Business Analyst),Middle,,3.0,1200.0
2024_H2,Data Analyst,Немає тайтлу,,1.0,1500.0
2024_H2,BA (Business Analyst),Senior,,9.0,3200.0
2024_H2,Data Analyst,Junior,,0.1,800.0
2024_H2,BA (Business Analyst),Senior,,4.0,3700.0
2024_H2,BA (Business Analyst),Senior,,3.0,4000.0
2024_H2,Product Analyst,Middle,,1.5,1800.0
2024_H2,BA (Business Analyst),Lead/Team Lead,,11.0,2500.0
2024_H2,BA (Business Analyst),Senior,,4.0,4750.0
2024_H2,BA (Business Analyst),Middle,,5.0,2500.0
2024_H2,BI Analyst,Senior,,4.0,2000.0
2024_H2,System Analyst,Senior,,6.0,1900.0
2024_H2,Data Analyst,Junior,,1.0,1200.0
2024_H2,System Analyst,Middle,,6.0,2600.0
2024_H2,Data Analyst,Junior,,0.5,730.0
2024_H2,Data Analyst,Senior,,3.0,3000.0
2024_H2,BI Analyst,Немає тайтлу,,0.1,600.0
2024_H2,Data Analyst,Middle,,3.0,2500.0
2024_H2,BA (Business Analyst),Немає тайтлу,,5.0,1486.0
2024_H2,System Analyst,Junior,,0.25,480.0
2024_H2,BA (Business Analyst),Middle,,3.0,1300.0
2024_H2,Research Analyst,Junior,,1.0,821.0
2024_H2,BA (Business Analyst),Middle,,5.0,2300.0
2024_H2,Marketing Data Analyst / Marketing Analyst,Senior,,5.0,2400.0
2024_H2,BA (Business Analyst),Middle,,4.0,2000.0
2024_H2,BA (Business Analyst),Немає тайтлу,,3.0,2800.0
2024_H2,BA (Business Analyst),Немає тайтлу,,14.0,1375.0
2024_H2,Performance Analyst,Middle,,3.0,2000.0
2024_H2,BA (Business Analyst),Senior,,6.0,5100.0
2024_H2,Data Analyst,Junior,,1.0,1250.0
2024_H2,Financial Analyst,Middle,,0.5,2500.0
2024_H2,Product Analyst,Middle,,3.0,2400.0
2024_H2,BA (Business Analyst),Middle,,3.0,3000.0
2024_H2,BA (Business Analyst),Middle,,2.0,1200.0
2024_H2,Product Analyst,Junior,,1.0,900.0
2024_H2,Data Analyst,Немає тайтлу,,5.0,5100.0
2024_H2,BA (Business Analyst),Middle,,3.0,1800.0
2024_H2,System Analyst,Middle,,5.0,2200.0
2024_H2,Performance Analyst,Senior,,3.0,2500.0
2024_H2,BA (Business Analyst),Senior,,8.0,5000.0
2024_H2,Financial Analyst,Немає тайтлу,,2.0,1500.0
2024_H2,BA (Business Analyst),Senior,,7.0,3800.0
2024_H2,Data Analyst,Junior,,1.5,700.0
2024_H2,BA (Business Analyst),Senior,,6.0,3850.0
2024_H2,BA (Business Analyst),Senior,,9.0,3900.0
2024_H2,BA (Business Analyst),Немає тайтлу,,3.0,3500.0
2024_H2,Data Analyst,Middle,,2.0,2200.0
2024_H2,System Analyst,Junior,,0.5,744.0
2024_H2,Product Analyst,Junior,,1.5,1083.0
2024_H2,Product Analyst,Senior,,4.0,3500.0
2024_H2,System Analyst,Middle,,3.0,4600.0
2024_H2,BA (Business Analyst),Middle,,3.0,2500.0
2024_H2,BA (Business Analyst),Senior,,8.0,3500.0
2024_H2,Data Analyst,Немає тайтлу,,2.0,1450.0
2024_H2,BA (Business Analyst),Middle,,5.0,2400.0
2024_H2,Data Analyst,Middle,,3.0,1500.0
2024_H2,BA (Business Analyst),Senior,,5.0,2800.0
2024_H2,Security Analyst / SOC Analyst,Junior,,2.0,2400.0
2024_H2,Data Analyst,Senior,,3.0,950.0
2024_H2,Data Analyst,Junior,,1.0,850.0
2024_H2,Data Analyst,Junior,,1.5,600.0
2024_H2,BI Analyst,Middle,,1.5,1800.0
2024_H2,Marketing Data Analyst / Marketing Analyst,Senior,,5.0,2700.0
2024_H2,Data Analyst,Middle,,2.0,3000.0
2024_H2,Product Analyst,Senior,,7.0,4600.0
2024_H2,Data Analyst,Lead/Team Lead,,7.0,4500.0
2024_H2,BA (Business Analyst),Lead/Team Lead,,7.0,5000.0
2024_H2,Security Analyst / SOC Analyst,Junior,,3.0,700.0
2024_H2,Marketing Data Analyst / Marketing Analyst,Middle,,1.0,1200.0
2024_H2,Data Analyst,Middle,,7.0,3200.0
2024_H2,Product Analyst,Lead/Team Lead,,7.0,4000.0
2024_H2,Operations Analyst,Senior,,7.0,3500.0
2024_H2,Marketing Data Analyst / Marketing Analyst,Немає тайтлу,,3.0,2800.0
2024_H2,BA (Business Analyst),Lead/Team Lead,,1.0,3900.0
2024_H2,Marketing Data Analyst / Marketing Analyst,Немає тайтлу,,3.0,2400.0
2024_H2,BA (Business Analyst),Senior,,8.0,2000.0
2024_H2,BA (Business Analyst),Middle,,3.0,3200.0
2024_H2,BA (Business Analyst),Senior,,6.0,3400.0
2024_H2,BA (Business Analyst),Немає тайтлу,,5.0,8000.0
2024_H2,Product Analyst,Middle,,1.0,1700.0
2024_H2,Data Analyst,Junior,,5.0,1730.0
2024_H2,System Analyst,Lead/Team Lead,,9.0,4500.0
2024_H2,Data Analyst,Junior,,0.1,500.0
2024_H2,Product Analyst,Middle,,3.0,2000.0
2024_H2,BA (Business Analyst),Senior,,4.0,5000.0
2024_H2,Product Analyst,Middle,,2.0,1800.0
2024_H2,BA (Business Analyst),Немає тайтлу,,4.0,1598.0
2024_H2,BA (Business Analyst),Junior,,1.5,1350.0
2024_H2,Marketing Data Analyst / Marketing Analyst,Немає тайтлу,,3.0,725.0
2024_H2,BA (Business Analyst),Senior,,2.0,3500.0
2024_H2,Data Analyst,Lead/Team Lead,,8.0,3700.0
2024_H2,BI Analyst,Middle,,7.0,3800.0
2024_H2,BA (Business Analyst),Немає тайтлу,,2.0,3000.0
2024_H2,BA (Business Analyst),Junior,,1.0,500.0
2024_H2,Data Analyst,Lead/Team Lead,,3.0,6500.0
2024_H2,Marketing Data Analyst / Marketing Analyst,Senior,,1.5,1600.0
2024_H2,Product Analyst,Немає тайтлу,,4.0,2800.0
2024_H2,BA (Business Analyst),Lead/Team Lead,,8.0,5000.0
2024_H2,BA (Business Analyst),Senior,,5.0,2000.0
2024_H2,BA (Business Analyst),Немає тайтлу,,2.0,1785.0
2024_H2,Data Analyst,Junior,,0.5,600.0
2024_H2,HR Analyst / People Analyst,Lead/Team Lead,,6.0,3400.0
2024_H2,BA (Business Analyst),Senior,,5.0,3000.0
